name,wpm,raw,accuracy,consistency,diff
nadiia,58.19,58.19,96.36,49.72,0
albertrinehart,67.4,69.2,96.88,50.26,1.8
nleroy,76.99,76.99,93.95,51.96,0
Kalpana,93.19,97.19,92.28,53.3,4
lalapolalaanewb,73.2,73.8,95.41,53.51,0.6
MascotR,85.59,87.79,95.42,54.04,2.2
rusdianlaola,75.4,76.2,96.01,54.63,0.8
jhoneyra,62.2,63.4,96.35,54.71,1.2
AugustRush,58.54,61.34,91.89,55.37,2.8
ButterCutter,58.4,65,88.73,55.79,6.6
divyamjazz,60.19,60.19,95.56,56.38,0
Prashant_batchu,60.8,63.2,89.86,56.7,2.4
north_calm,71.19,71.19,96.76,56.81,0
onydnarre,61.8,62.8,85.83,56.98,1
Komiljon77,58.6,58.6,89.29,57.01,0
yusifoday,65,65,90.76,57.78,0
Mighoi,66.4,66.8,90.21,57.81,0.4
wiebuuu,65.6,65.6,90.79,57.96,0
Koros,59.8,59.8,95.58,58.12,0
NaSwole,77,77.8,93.56,58.65,0.8
SayemYeager,67.38,70.38,92.08,59.2,3
Kemicha,62.8,62.8,93.14,59.32,0
Benny_Cheng,66.8,66.8,97.67,59.51,0
Zag369,84.99,102.79,87.73,59.76,17.8
Yash_Sharma_2607,67.6,67.6,92.66,59.84,0
Dofflamingo,79.6,81,91.93,59.94,1.4
The_TypingTest,80.79,80.79,95.16,60.32,0
idrods,66.4,70,89.56,60.38,3.6
AnujRane,60.99,60.99,91.18,60.47,0
urboiNobu,74.8,74.8,93.83,60.49,0
Typing_Maniac,76.39,78.59,95.35,60.52,2.2
apoorva_13,58.8,58.8,93.08,60.55,0
dheeraj1209,59.79,61.79,94.44,60.56,2
mentaiMayo,80.59,80.59,92.33,60.6,0
AnthonyD.,69.4,69.4,95.41,60.61,0
TMirandaB108,66.99,66.99,92.33,60.68,0
biigod,76.19,77.59,88.36,60.81,1.4
hjhskj,59.99,59.99,96.46,61.04,0
Ner0,77.18,82.38,92.01,61.09,5.2
vikas007c,64.2,70.2,89.39,61.13,6
Little_Bridge,60.8,74,86.38,61.36,13.2
Dipesh_Salvi,58.58,58.58,98,61.37,0
reginaldwilliam,82.98,83.38,91.81,61.67,0.4
Kimmdong,68.98,70.78,94.88,61.69,1.8
abdelnasir12,68,68.8,93.83,61.71,0.8
Rockylikes12,72.38,72.38,93.42,61.76,0
dvorakeliplay,58.8,59.8,93.19,61.78,1
Jay20,70.6,74.6,92.25,61.9,4
ishaan420,58,59,93.93,62.31,1
PXLPRFCT,75.99,81.99,93.18,62.37,6
VishalTambi,76,82.4,90.4,62.41,6.4
SandWhales,73.2,73.2,94.86,62.5,0
Onii-chan.exe,97.6,98.6,89.86,62.53,1
NeonOof2,70.39,79.58,88.81,62.67,9.19
Loowisss,73,73,92.5,62.7,0
someone456123,75.6,75.6,95.76,62.71,0
pink_chipmunk,68.4,68.4,94.61,62.72,0
Zoldeavour,85.8,88.2,88.33,62.93,2.4
Hacker_Piyush,63,63,90.88,63.11,0
en3rgy21,62,62.4,94.58,63.2,0.4
chinmayy,71.18,71.78,95.74,63.29,0.6
bonkD,84.39,96.59,93.24,63.3,12.2
mph_759,65.99,66.99,88.02,63.46,1
_tashmit_,91.79,94.79,95.23,63.63,3
Hritik.2004,71.4,73.8,94.82,63.74,2.4
sunnyysol,64,64,94.2,63.86,0
Joshx86,72.79,72.79,90.17,63.89,0
H4NKdaTANK,58,60.6,93.15,63.92,2.6
amadem99,60.8,60.8,98.71,63.95,0
Manish.G,58.19,59.19,94.25,63.96,1
Sipz,70.6,70.6,95.03,63.97,0
spicychiara,59,59.8,92.62,63.98,0.8
sam_kirby,68,69.6,95.38,63.99,1.6
kiellg,58.8,58.8,85.63,64.01,0
jerico567,98.2,111.6,88.91,64.08,13.4
KaHDaPaIII,59.8,59.8,95.3,64.08,0
akbarhusain,77.38,77.38,98.98,64.19,0
mrvn9453,66.8,67.8,92.62,64.26,1
munozin,81.18,81.58,94.9,64.29,0.4
sportshamster100,60.2,63.2,95.72,64.33,3
Techie232,82.4,85.6,95.58,64.52,3.2
ecstacy_,62.19,62.19,92.92,64.64,0
spocony_kuba,97.2,97.2,93.51,64.66,0
Cool_Turtle,101.77,102.97,91.27,64.77,1.2
Kushaal,77.2,77.2,97.05,64.8,0
r1nku,67.4,72.2,87.75,64.82,4.8
arnav1608,60,60,93.79,64.82,0
kxngrxft,68,69,93.24,64.83,1
Rockettypeabhi,74.8,84.4,91.51,64.85,9.6
Sako1810,69.19,69.19,92.57,64.89,0
tyfavors,60.4,60.8,91.45,64.93,0.4
redcell,70,71,93.47,64.97,1
MHaris1234,62.4,62.4,91.59,64.99,0
akif123,60.4,60.4,96.81,64.99,0
Sarthak_Gajera,57.8,66.6,89.17,65,8.8
tewplo,78.6,78.6,92.63,65,0
navathebeast,59.8,61.2,92.71,65.01,1.4
languiano,75.79,90.38,88.34,65.07,14.59
blueredgreen,70.8,73.4,94.1,65.1,2.6
disinterest,68.99,73.99,91.92,65.11,5
meatloaf570,97.99,102.99,94.73,65.13,5
visdom07,63,63.8,91.09,65.13,0.8
vighnesh_jadhav,89.4,90.4,93.1,65.15,1
bo0z3,59.4,59.4,95.85,65.17,0
shouryasah,84.4,84.4,92.7,65.27,0
swapnilchaware,73.18,74.78,94.7,65.32,1.6
SahilBisht2005,69.99,69.99,96.19,65.32,0
Yogesh_shimpi,59.8,60.6,94.14,65.33,0.8
Go_Go33,83.59,83.79,94.62,65.33,0.2
rexept,88.19,88.19,93.78,65.39,0
Syntax0101,82,83.4,95.92,65.43,1.4
gettheshot,59.6,64.6,93.18,65.44,5
xlr8_,78,81.8,92.4,65.46,3.8
cheesecakes123,84,91.4,92.45,65.53,7.4
jeffarmistead,63.39,68.39,87.73,65.56,5
Mr_Pixel,60.2,60.2,93.58,65.61,0
adipicacid,66.39,70.19,92.23,65.62,3.8
Agent_Jeff,90.99,94.39,89.49,65.73,3.4
doni_ac,61.2,66.6,93,65.75,5.4
ahmed_mohamed,66,67,94.96,65.78,1
Franceschi16,65.2,65.2,97.31,65.82,0
spizxcy,67.8,67.8,99.41,65.94,0
akhil143,62,62,94.31,66.02,0
ren_away,73.19,73.19,93.43,66.1,0
floppatype,107.19,107.79,94.9,66.14,0.6
GNUS,77.2,77.2,96.56,66.17,0
Mayank_1,88.2,88.4,95.09,66.18,0.2
phantom16,90.2,91.6,94.98,66.19,1.4
RonieJrGandeza,68,69,95.28,66.26,1
RV_Chemist,70.8,82,88.89,66.33,11.2
Twothatlurk,59,59,94.92,66.36,0
Joy_notJoey,70.99,72.39,93.38,66.39,1.4
stephen318n,70.99,76.19,94.13,66.42,5.2
AlekkZsM06,96.39,96.39,93.71,66.45,0
knockcat,79,80.8,95.02,66.46,1.8
Excalibur20,90.6,95.2,95.11,66.5,4.6
oniani,84.8,86.2,92.63,66.56,1.4
wilder,105.38,108.38,94.22,66.58,3
clear24max,110.19,122.99,90.94,66.61,12.8
DadeMurphy,101.6,122.6,87.21,66.63,21
gaiussabinus,83.4,83.4,98.58,66.73,0
ultrapopop,63.6,63.6,97.26,66.79,0
antishota,88,96.2,92.2,66.8,8.2
umber427,57.8,57.8,89.43,66.83,0
EthanChristenson,63.2,63.2,93.77,66.84,0
flannels,81.2,81.8,96.03,66.88,0.6
sumathena,62.8,62.8,95.8,66.88,0
CheifKeefy,64,64,95.54,66.89,0
crater,78.38,82.78,93.33,66.92,4.4
Tsumilyze,118.59,119.19,95.58,66.93,0.6
nirdeshmon,61,61,93.31,66.96,0
iTzzKoBrA,71.38,71.38,93.56,67.02,0
yffff,94.4,94.4,95.36,67.03,0
Lione2C,66,71.8,92.95,67.1,5.8
Alone_wolf,77.19,77.19,95.8,67.14,0
4534pko,63.2,73.19,93.24,67.15,9.99
aszatrowski,91.19,93.99,94.37,67.16,2.8
BloodshotEyes,58.79,58.79,90.63,67.16,0
orionsbelt,72.76,73.56,93.27,67.17,0.8
laloupalooza,65.8,67.2,92.33,67.23,1.4
code_strategist,59.6,60.6,96.15,67.29,1
DrunkenMaster14,63.4,66.2,92.7,67.31,2.8
SebastianA4,87.79,87.79,97.14,67.32,0
Joker19,75.2,75.4,97.17,67.35,0.2
ryanproo,87.58,87.58,94.26,67.36,0
TomBenz,67.2,73.8,96.48,67.37,6.6
siddharth_kapdi,86.98,86.98,96.51,67.38,0
ujjwal18,73.8,76.2,93.1,67.47,2.4
Yashrajkumar,73.99,73.99,91.69,67.48,0
Azhong06,68.39,68.99,93.82,67.51,0.6
akito1961,65.2,65.2,95.09,67.51,0
hannahalmeida109,61.79,62.79,92.65,67.52,1
vighnesh_jadhav,91.6,93.4,93.12,67.54,1.8
rahul42,82.39,82.39,93.35,67.55,0
wahid6969,88.19,89.99,96.94,67.56,1.8
osimov,65,66.4,97.05,67.56,1.4
Imanoob52143,72.4,72.4,91.96,67.56,0
JimmyWang,63.2,64.8,93.29,67.58,1.6
Mcanizal,59.4,59.4,94.9,67.58,0
Lem01,78.79,78.79,97.54,67.59,0
Leeyowww,93.99,93.99,99.58,67.59,0
Mortalglitter59,77.6,77.6,97.75,67.64,0
Jouquer,97.8,97.8,96.08,67.68,0
glue_gun_stanley,89.2,90.2,94.79,67.73,1
Pro-282,60.6,67,94.17,67.74,6.4
vincentTran,77.2,77.6,93.05,67.79,0.4
Desser,96.39,96.39,94.93,67.8,0
the_chainsmokers,60.99,60.99,94.74,67.81,0
krishnatyp,63.6,63.6,96.66,67.81,0
Zekirus,85.39,87.19,93.72,67.82,1.8
Yash013,67.18,70.98,94.55,67.84,3.8
EllaPilaB109,92,92,96.85,67.88,0
ArbazAnsari,68.6,68.6,94.04,67.92,0
Tressia,59.6,59.6,96.45,67.97,0
hangryyhippo,78.8,78.8,94.08,68,0
minhgianguyen1,82.2,82.2,94.53,68,0
Ikhwan_hsn,71.6,71.6,97.04,68,0
usama_khan,64.58,64.58,94.46,68.05,0
creativeflowers,79,80,95.04,68.14,1
atmaram_kambli,63.59,63.59,96.96,68.16,0
Messek,71.4,71.4,92.37,68.17,0
yashi__kant,62.39,62.39,97.21,68.17,0
Skrull_Lord,72.6,88,87.84,68.2,15.4
ChimeraMonkey,71.4,71.4,97.54,68.23,0
ELzoN1,101.2,103.6,94.3,68.24,2.4
12varam,72.2,77.6,95.24,68.36,5.4
MikeeMiroB109,60.4,60.4,98.39,68.37,0
prakrama,63.59,65.99,94.27,68.38,2.4
VishalVermaa,58.8,60.2,94.92,68.39,1.4
skarphace,85.99,87.19,96.88,68.52,1.2
nikku1,72.59,73.99,93.89,68.54,1.4
ichi_,71,71,95.19,68.54,0
clmntbnr,92.99,99.59,94.26,68.55,6.6
kazoowoo,89.4,90,93.93,68.58,0.6
husanboy,93.59,95.39,94.23,68.59,1.8
ALI_SSS,84.79,84.79,94.07,68.59,0
ogratordo,88.59,92.39,89.92,68.6,3.8
jasonbrody007,67,68,96.88,68.66,1
TheKING01,66.99,66.99,97.38,68.66,0
H2OEnjoyer,93.6,107.4,90.11,68.67,13.8
KingsRequiem,80.2,80.2,97.13,68.67,0
dwo,62,65,96.64,68.68,3
Cathedral,93.38,94.58,98.14,68.68,1.2
yashasar,64.59,65.19,93.14,68.68,0.6
bbu,62,62,96.28,68.72,0
Knight_1567,77.6,77.6,94.69,68.73,0
jayesh3,83.8,85.6,91.61,68.78,1.8
hwoo,61.79,61.79,93.47,68.81,0
BabyRichelle,74.79,75.79,94.81,68.85,1
Femecritica,64.79,64.79,94.22,68.92,0
a1oney,67.4,67.4,92.16,68.93,0
nightwolf027,88,88.2,96.71,68.94,0.2
Oaladejebi,76.4,84.6,93.01,68.96,8.2
ButPar,94.4,94.4,95.58,69.03,0
sara_tancredi,58,58,95.72,69.03,0
Toshien,69.19,71.59,94.03,69.06,2.4
wminish,63.8,63.8,96.08,69.15,0
bexacoder,69.6,70.8,93.88,69.19,1.2
StephenChih,82.38,99.38,87.45,69.21,17
jafeth44,76.99,76.99,96.74,69.21,0
ju_mbo,82.2,87.2,92.94,69.28,5
_lerolero_,87.58,98.18,90.49,69.3,10.6
OneBit_10,73.39,73.39,94.62,69.3,0
only1lucifer,58.79,58.79,95.45,69.31,0
uncledre20,74.6,91.4,88.49,69.33,16.8
S_Prakash10,85.79,85.79,97.06,69.45,0
RufaidaTampipi,62,62,98.11,69.47,0
rushydubdub,96.6,109,90.83,69.49,12.4
MdNehal47,92.4,105.8,91.9,69.51,13.4
keela_vamshi,83.8,83.8,96.17,69.57,0
speedster07,58.99,68.59,89.8,69.58,9.6
fanmamanan,87,87,94.02,69.59,0
Fequwu,71.4,72.6,95.01,69.6,1.2
Panama0,71.4,72.8,96.31,69.62,1.4
Shahreyar,71.6,71.6,94.56,69.65,0
hack4peace,87.39,90.39,95.53,69.69,3
fhd32,70.2,72.4,94.69,69.79,2.2
owenwells544,93.58,94.98,96.52,69.8,1.4
prafulgulani,71,71.6,97.26,69.8,0.6
mrnu123,82.2,82.2,95.4,69.82,0
sumanthsum123,66.19,66.19,97.35,69.84,0
bigyabeast,61.18,61.18,93.67,69.86,0
liatypesfast,61.2,61.2,93.87,69.88,0
jhazelcruz,61.6,61.6,94.91,69.88,0
hassan_1,58.6,58.6,92.21,69.9,0
vessbakalov,63.19,64.59,95.83,69.91,1.4
james18211,88.38,93.18,92.87,69.95,4.8
_abdelmoneim,64,64,95.56,69.95,0
notshynotme,62.19,64.99,96.94,69.96,2.8
chakresh123,61.4,71.8,90.19,69.99,10.4
Param8000,86,88.2,96.9,70.01,2.2
ChaChaNotSmooth,65.2,68.6,89.63,70.03,3.4
Sinclair_,98.8,99.8,97.26,70.03,1
Midhun-u,62.4,63.4,95.18,70.04,1
bonito19,62.99,62.99,94.91,70.06,0
abhishek7538,73.19,73.19,96.07,70.07,0
EmmmettySteve,103.79,107.39,95.89,70.12,3.6
BtKar,78,83.6,96,70.13,5.6
Patsawut,63.2,63.2,94.89,70.14,0
mafaz10,83.99,87.99,95.38,70.19,4
dm711,96.39,99.59,95.15,70.2,3.2
denpmtn,94.2,95.6,96.36,70.22,1.4
learn12,61.59,62.39,95.45,70.22,0.8
F_Helmet,74.19,81.58,89.74,70.24,7.39
k_a_t_s_u_m_i,88.2,88.2,96.11,70.25,0
desmond_miles,74.4,77.39,95.26,70.27,2.99
sunnyji_12,66.6,68.8,97.43,70.28,2.2
_Kaushik_,84.2,84.2,96.79,70.29,0
Rockstargiri,63.4,81,89.14,70.3,17.6
Rohit07Panchal,79.79,83.19,97.16,70.3,3.4
krhi,60.8,62.6,96.54,70.31,1.8
_Villain_,75,75,96.68,70.37,0
barely_al,82.19,83.99,94.37,70.38,1.8
AliAdullah,63.79,64.19,96.69,70.4,0.4
shan1,125.8,131.2,96.85,70.41,5.4
Ambani,85.39,90.79,94.86,70.42,5.4
ghostype,76.99,86.98,94.16,70.43,9.99
NascentMaker,70.8,70.8,95.43,70.44,0
sumopro_123,104.99,110.59,93.59,70.46,5.6
bugtapkk,61,61,96.24,70.46,0
Blisss,80.4,88.8,91.97,70.47,8.4
kotobo,83.2,85.2,96.79,70.5,2
Crafttea,125.39,125.39,96.49,70.5,0
zurgg,85.4,88,94.21,70.51,2.6
shohrux1_y,84.99,84.99,97.27,70.53,0
Jahniii,62.6,63.2,92.42,70.54,0.6
alargepileofash,87,90.6,92.74,70.55,3.6
XerxesHB,106.99,106.99,96.07,70.55,0
samanthOG Account,89.59,93.99,95.86,70.57,4.4
iSuckAtTypingBb,59.8,59.8,91.52,70.59,0
BigDaddyDuck,83.2,83.2,96.1,70.61,0
Killer_Man,61.39,61.39,97.78,70.61,0
fahdxs,80.38,81.38,95.98,70.65,1
JazelGasminB109,62,62,92.6,70.66,0
naibius,73.78,73.78,96.1,70.67,0
cyalater,116.58,118.78,95.02,70.69,2.2
miochongi,102.8,103.8,97.55,70.69,1
JoahnaB109,68.99,68.99,97.73,70.71,0
Harsh_Gohil,65.8,65.8,96.5,70.72,0
Tanmayn,80.4,80.4,96.44,70.74,0
JackaL.T,94.58,95.58,95.99,70.76,1
Tada,64.79,64.79,97.89,70.77,0
sidek,61.4,61.4,94.24,70.78,0
iamseanism21,68.2,73.6,93.78,70.82,5.4
rajasom,75.99,76.59,94.36,70.86,0.6
dwintour,72.4,72.4,99.18,70.86,0
D3n0,58.38,58.38,91.67,70.88,0
AadilSattar,104.19,107.99,93.34,70.9,3.8
DylanMurphy,64,66.4,97.63,70.91,2.4
Lucky_24,72.4,72.4,92.89,70.93,0
Mrt09,76.8,76.8,96.49,70.97,0
NatSanB109,65.8,65.8,98.5,70.97,0
wrightguys,85.8,86.8,93.93,71.05,1
cjnsario,84.2,84.2,95.49,71.05,0
Arindam1111,86.39,87.19,94.83,71.1,0.8
tpaulino,69.59,75.59,91.67,71.11,6
NoguchiSan,85,85,93.29,71.13,0
22nd_Jan_2025,93.6,98.8,94.75,71.14,5.2
benaw,113.98,122.98,93.56,71.17,9
flahitoruiz,71.8,71.8,98.09,71.19,0
scrum.z,90.97,98.17,95.2,71.21,7.2
CoderJava,88.6,89.6,97.17,71.28,1
Azm2002,71,71,95.47,71.29,0
monkey0401,135,140.2,93.87,71.32,5.2
bunnyclicker,69.8,71.2,96.51,71.33,1.4
bhobs,88.79,88.79,96.75,71.34,0
Aarushh,74,74,95.12,71.35,0
tajiaoku,87.8,87.8,97.35,71.35,0
HungerMite,121.6,121.6,97.92,71.35,0
bigweewee,71.49,76.08,93.69,71.36,4.59
natividad_nold,78.8,80.2,94.79,71.45,1.4
jajeqsa,109,110,96.32,71.45,1
arshia0bjni,76.2,76.2,95.5,71.45,0
LotLot,82,93,92.49,71.47,11
rohithd,72.19,72.19,96.55,71.48,0
Ranger_555,73.79,74.59,95.89,71.49,0.8
Chil,71.8,86.2,89.7,71.52,14.4
monkeydone,84.8,85,97.7,71.52,0.2
yognira,116.2,121.8,93.71,71.53,5.6
Suman_,60,60,95.85,71.55,0
ADAMYAOP,85.2,86.8,95.78,71.56,1.6
edmond1123,70.8,116.6,76.46,71.58,45.8
cpptowin,87.59,93.79,94.38,71.59,6.2
izulsyauki,70.39,70.39,97.26,71.64,0
Cristofer0925,105,105,96.34,71.65,0
K Manindra,73.99,78.99,94.33,71.66,5
Natai,91.79,94.19,97.49,71.66,2.4
Dagrozy,72.4,82.4,89.36,71.7,10
likhith_904,72.4,72.8,93.85,71.7,0.4
WuttSR,81.99,83.39,95.84,71.71,1.4
Danielipe,77.4,82.4,97.11,71.78,5
buivy2,81.8,83.2,95.83,71.79,1.4
ItzOren_,67,67,99.71,71.86,0
Rhmh16,74.6,74.6,95.43,71.87,0
Amarant,95.79,96.79,93.32,71.89,1
fkk989,86.6,88.2,96.94,71.91,1.6
aferen,70.4,70.4,92.67,71.91,0
JamiePi1,100.39,112.99,92.81,71.92,12.6
Eli_Thomas,60.8,62.8,95.08,71.94,2
Lanes,96.6,98,94.79,71.95,1.4
aaron_mp04,64.4,64.4,88.5,72,0
lucian77,78.6,88,90.69,72.04,9.4
ronvanira,63.6,64.8,95.58,72.05,1.2
HunterXCodes,104.8,104.8,96.02,72.05,0
I_Naltz,105.18,106.78,95.86,72.08,1.6
Astrolphe,75.19,77.39,93.87,72.13,2.2
ggallano,72.18,82.18,87.85,72.14,10
4lul,126.2,126.4,96.96,72.18,0.2
Franco0303,73.8,74.6,97.12,72.2,0.8
-Mathe-,106.18,106.18,95.38,72.27,0
MascotsKey,73.6,73.6,97.88,72.27,0
DawnVictorioB109,67.99,67.99,99.71,72.28,0
jarvis18,62.19,63.19,99.37,72.3,1
ASACOCO_17,90.79,90.79,96.84,72.3,0
GostRaider,85.19,86.99,94.73,72.31,1.8
couldbelewz,121.79,144.39,89.7,72.34,22.6
Meow2704,73.8,75,96.64,72.35,1.2
bird224,146,161.6,94.25,72.36,15.6
SDarkrai,74,82.6,92.27,72.36,8.6
raisif,67.79,76.79,92.73,72.37,9
Uson,135.97,137.17,98,72.37,1.2
neonBandit,58.8,58.8,95.53,72.42,0
ballentessherlyn,61.8,61.8,96.87,72.42,0
Albos02,75.2,75.2,95.94,72.43,0
JagrajBenipal,109.98,109.98,96.48,72.44,0
zecsede,91.2,96.8,94.94,72.45,5.6
t0m1,102.8,102.8,95.06,72.46,0
notyashmeshram,62.2,62.2,95.41,72.49,0
Juice_Box12,91.2,94,96.68,72.54,2.8
I-like-typing,86,102.4,88.8,72.58,16.4
vochinam,96.58,96.58,96.99,72.59,0
AshinPanic,100.2,103.6,94.36,72.61,3.4
Cedric10,66.2,71.6,95.08,72.62,5.4
abdurrahmanbphs,68.79,69.99,97.78,72.62,1.2
TheBirdWasHere,88,88,97.78,72.62,0
Iwannatouch100,97.2,105.79,93.1,72.63,8.59
CjMicWhite,89.2,90.8,93.97,72.63,1.6
Xavier2878,60.59,60.59,92.71,72.65,0
wawareaver,76.77,76.77,95.78,72.67,0
gabriellb21,72.8,74.2,98.4,72.69,1.4
angelw1ngs,127.6,129.6,96.45,72.7,2
Mycoal,86.2,86.2,96.03,72.7,0
Paradorn.B,60.99,60.99,96.83,72.7,0
epxh,104.4,123.8,89.92,72.72,19.4
Vesper1012,91.4,93.6,96.05,72.72,2.2
rawatvvk122,65.4,66.6,96.76,72.73,1.2
connan,120.8,120.8,96.22,72.76,0
muhammad-attique,69.59,70.39,93.12,72.77,0.8
jooswirls,87.98,88.98,96.3,72.81,1
nevaeh_hdz,59.6,59.6,98.03,72.82,0
LilChaosSapphire,91.2,98,93.74,72.84,6.8
hari_hara_sudhan,85.18,90.78,93.87,72.88,5.6
pingponghikhik,114.39,114.39,98.47,72.89,0
dallas75,66,66,97.06,72.92,0
Nihar_Mandahas,64.4,73.4,91.82,72.97,9
idim,73.79,73.79,94.39,72.98,0
dfletch,84.99,87.79,91.72,73,2.8
Littletree,69.79,69.79,97.76,73,0
KuldeepSingh_,62.6,68.2,93.45,73.01,5.6
Viole01,77.8,78,95.16,73.07,0.2
lauhemahfus,80.19,88.79,92.29,73.09,8.6
Droffle,100.17,100.17,97.7,73.13,0
IsakB102,78.79,80.59,95.75,73.17,1.8
Ego69,63.39,64.19,95.8,73.19,0.8
arshalabbas,77,80.8,96.37,73.2,3.8
ruhroh,106.59,106.59,96.8,73.21,0
meblz,134.6,144.8,92.25,73.25,10.2
ii_bacon,62.39,62.39,96.32,73.25,0
teppu,111.2,111.2,97.72,73.25,0
ericjoji,83.6,83.6,96.15,73.27,0
Sahaj1504,64.39,69.99,92.82,73.28,5.6
Nevik,101.19,101.19,96.44,73.28,0
heptonic,63,82.4,86.3,73.29,19.4
MeRLH1N,92.99,92.99,95.49,73.3,0
olivia268999,78.6,78.6,98,73.31,0
fur1,66.39,76.19,90.96,73.38,9.8
Shankar2004,62.8,62.8,97.82,73.39,0
hashyy,93.39,94.79,93.84,73.42,1.4
sasakugi,63.4,64.6,88.89,73.48,1.2
ktnolan12,89,92.8,94.39,73.49,3.8
notslow,88.2,88.2,98.88,73.5,0
Sohan8,64.59,66.19,96.52,73.51,1.6
lojik,100.6,101.2,95.89,73.6,0.6
Nevermore53_,89.4,89.4,96.15,73.66,0
insolito,82.4,91,93.29,73.78,8.6
amazingD,96,97.8,95.36,73.78,1.8
UCanOrNot,98,100,95.76,73.82,2
rolansy,69,82.4,93,73.85,13.4
HyperCusor,94.19,94.19,97.14,73.91,0
mfermin,69.59,69.59,99.15,73.92,0
Caleb1009,80.99,82.39,98.09,73.93,1.4
AngelaElcanoB107,83.19,83.19,96.34,73.94,0
darkpres,105.99,105.99,98.33,73.94,0
stefanoo,94.2,94.6,91.55,73.96,0.4
aalioz,69.79,69.79,95.36,73.96,0
zphudzz,73.39,85.39,92.86,73.97,12
Shrinkhala7007,59.99,61.59,98.39,73.99,1.6
Atul2427,62.39,62.39,96.6,73.99,0
samuruyu,81.4,81.4,95.81,74,0
HarshaBlaze,76.4,76.4,97.21,74.01,0
yusufahmed,83.2,84.6,97.91,74.02,1.4
Liquido,88.99,88.99,98.03,74.02,0
peachiest,72.8,75.8,98.42,74.07,3
4lul,126.2,126.2,97.26,74.08,0
Woob,75.4,77.8,97.71,74.09,2.4
ElizabethQuitoy,64.39,64.39,97.89,74.13,0
IgnisDark,96.6,96.6,98.39,74.16,0
nomiso,106.4,106.4,97.11,74.19,0
Shreyash18,76.79,86.39,92.6,74.2,9.6
ossner,87.38,87.38,96.51,74.21,0
MarjorieB107,60.6,60.6,99.03,74.23,0
9920,112.99,119.99,93.35,74.26,7
allofher,73,73,97.6,74.26,0
Sabs_19,71,72.4,98.37,74.31,1.4
longlb,86.2,86.2,94.96,74.33,0
carlamartinez,95,95,98.36,74.35,0
Abdul32,62.39,62.39,98.42,74.35,0
spookyalina,72.8,72.8,97.09,74.36,0
nordenmtantong,74.19,74.19,97.39,74.4,0
70wpmletgooo,67.78,67.78,99.13,74.43,0
cpptowin,82.19,92.39,92.78,74.44,10.2
practicetypesped,80.39,81.39,96.23,74.44,1
manCalledHero,110.99,110.99,98.06,74.44,0
Itsjustmebruh,104.57,111.97,92.41,74.47,7.4
rish1234,120.79,120.79,96.53,74.47,0
TurboTapzz,60.6,73.2,92.08,74.48,12.6
glennthzm,84.19,84.19,96.58,74.49,0
MunaAdil,75.4,75.4,97.44,74.49,0
Tarun495,68.79,68.79,97.46,74.5,0
Andoi,123.4,138.2,91.43,74.54,14.8
danisharshid,65.79,65.79,100,74.54,0
n.o.a.h,123.99,128.19,96.6,74.6,4.2
pauleneanne20,58.4,59,98.34,74.62,0.6
sinc44,90,90,95.97,74.63,0
ExDino,113,113,97.6,74.64,0
V._.cloud,78.4,78.4,99.75,74.69,0
lifetofree,73.2,73.2,98.66,74.7,0
mati2oooOG Account,111.59,120.18,94.48,74.73,8.59
someUsername,114.36,118.36,95.82,74.73,4
JumaidaSabirin,60.39,60.39,98.05,74.73,0
ZestyPepper,78.2,88.6,91.56,74.76,10.4
dave.ast,81.4,81.4,97.85,74.86,0
monkey_typ,72.98,72.98,98.66,74.88,0
Liquido,89.4,89.4,96.79,74.92,0
backtothelab,128.2,129.4,97.73,74.94,1.2
laineshaun,78.8,78.8,99,74.95,0
Black_2.o,71.79,71.79,96.29,74.99,0
KuroiX,77.2,94.59,86.61,75,17.39
Aliens,62.39,62.39,99.36,75,0
CaseyMaster,90,91.6,96.2,75.03,1.6
ayushmantyping,94.2,98.8,95.68,75.04,4.6
vrod789,68,71.2,95.59,75.04,3.2
llimah,76,76,93.9,75.06,0
SMEEZ,84,90.8,96.06,75.08,6.8
RAntunez08,74.98,81.18,92.89,75.11,6.2
CosmicNoise,91.6,106,89.95,75.14,14.4
NYA.Gremory,110.6,117.4,95.98,75.15,6.8
caldak,127.37,133.16,95.75,75.15,5.79
Goal60plus,80.2,81.2,97.36,75.18,1
cmar3468,71,71,96.75,75.19,0
dthtien,60.2,61.2,99.02,75.28,1
_lanuR,123.19,136.79,92.22,75.3,13.6
jasontt,74.6,74.6,96.88,75.31,0
ChineseHomeboi,108.19,112.39,96.49,75.35,4.2
Samvitos,164.4,168.6,97.1,75.36,4.2
GuyNoob,114,137.19,92.13,75.4,23.19
GodTypist99,94,97.4,96.61,75.41,3.4
lt_tubby,125,125,97.06,75.41,0
NeoCoder,83.2,96.4,93.57,75.42,13.2
iwanoo,113.59,114.59,95.05,75.42,1
izumi1009,89.4,89.4,96.96,75.48,0
nader337,79.4,79.4,94.1,75.51,0
dimkalininn,62.59,62.99,98.45,75.52,0.4
DarkAlexWang,79.18,79.18,97.07,75.53,0
Typinggod4,95.8,95.8,97.56,75.53,0
monkeyman008,79.19,79.79,98.02,75.56,0.6
paganini24,97.8,97.8,95.16,75.56,0
trys,111.4,112.6,98.25,75.59,1.2
fiodorfedosejev,93.8,93.8,97.3,75.63,0
Dakshet,76.99,81.39,94.56,75.65,4.4
33mcg,65.4,65.4,98.8,75.65,0
Rasheed951,75.4,75.4,96.42,75.66,0
joshuaw123,124.8,151.59,89.97,75.73,26.79
itsmyprinsure,64.19,64.19,96.4,75.73,0
chinmay57,77.8,80.2,96.14,75.77,2.4
CWU,127.6,129.2,98.17,75.81,1.6
drisul10,73.98,73.98,97.64,75.84,0
Poi_39,86.8,96,93.33,75.85,9.2
athaznorath,84.79,84.99,98.38,75.85,0.2
liamoops,64,64,100,75.88,0
Alliekrash,134.59,134.59,96.34,75.89,0
mumuu,95,102.2,94.83,75.95,7.2
SaladSauce,93,94.8,97.3,75.95,1.8
ZzziChun,80.4,89.8,89.85,75.98,9.4
Java53_rip7,90.99,90.99,98.49,75.98,0
ezraaillet,139.2,154.2,94.06,75.99,15
deportelonmusk,74.8,74.8,96,76.02,0
Panex,114.4,115.4,97.47,76.05,1
DerpIsGud,119,125.8,91.34,76.07,6.8
markkm,66.39,66.39,96.79,76.08,0
jmowed,61.8,61.8,93.92,76.11,0
jyomi,89.4,94.8,94.62,76.17,5.4
c4lendar,149.38,151.58,97.93,76.19,2.2
wallyworf,102,102.8,98.84,76.21,0.8
32GIGABYTES,113.59,119.19,95.11,76.22,5.6
ahzn,58.4,59.6,97.68,76.22,1.2
blackchoco,136.98,143.78,95.38,76.24,6.8
Subramani,67.38,76.58,93.54,76.25,9.2
BattleBoss,73.2,74.2,94.62,76.25,1
MAX0859,62.8,62.8,99.68,76.25,0
hacktheplanet,113,116.2,96.15,76.26,3.2
iamgamingvenom,62.8,73,93.97,76.31,10.2
Tw3x,70.8,70.8,96.99,76.31,0
Jannee,75.6,87.6,92.52,76.33,12
DavidNg,102.19,104.39,97.36,76.33,2.2
zyj,74,75,92.79,76.35,1
MrSRABrO,69.39,74.19,93.26,76.36,4.8
cyberpunk1,71.99,74.59,97.61,76.36,2.6
sorcerersupreme,83.2,83.2,99.52,76.42,0
CosmologicalOG Account,130.4,132,97.32,76.45,1.6
jerrrrrmmmmyyy,92.4,92.4,97.68,76.47,0
smdsohag,66.58,67.58,96.26,76.49,1
fallingsky,123.2,127.6,96.93,76.51,4.4
alexkuk,75.6,75.8,98.2,76.53,0.2
JohnKyle,61.8,61.8,100,76.53,0
NuclearDragon,114.79,118.19,97.49,76.54,3.4
Jimathy,110,132.19,90.57,76.55,22.19
Pingkoloi,83.6,83.6,96.32,76.56,0
Pofrz,87.4,87.4,92.68,76.63,0
LegendzSuckz,105.79,111.19,94.98,76.64,5.4
solidbrain,117.78,117.78,98,76.69,0
jaslee643,147.6,158.2,96.12,76.75,10.6
MSam625,78.8,92.8,93.53,76.76,14
dwensi,94.57,94.57,96.33,76.76,0
ayush1199,63.59,92.39,85.44,76.77,28.8
lssl,89.2,89.2,97.4,76.78,0
cooljonc,116.37,124.97,95.09,76.85,8.6
ask1810,90.79,98.79,94.41,76.88,8
thesoftaryan,95,95,96.95,76.88,0
ersabin,90.99,90.99,97.03,76.88,0
ApuRv_2611,113.18,114.98,96.63,76.92,1.8
rubymetro,103.39,108.79,94.95,76.93,5.4
Omlet221,93.19,95.19,97.12,76.94,2
MoistRice,138.78,142.78,96.59,77.04,4
Fasttyping34,125.6,129,97.99,77.08,3.4
maximus659,127.2,127.2,98.17,77.11,0
oSmartCoder,139.19,155.99,94.04,77.18,16.8
CosmicExplorer,96.99,124.78,87.72,77.19,27.79
kovbasa,72.4,72.4,98.1,77.23,0
_braindead_,70.2,72.6,95.76,77.29,2.4
memorymemento,96.8,97.8,96.63,77.29,1
addy_118,95.6,95.6,96.38,77.3,0
vexedNeurons,86.2,86.2,100,77.34,0
eajack,73,75.2,96.36,77.36,2.2
fleaforall,109.19,109.19,97.34,77.42,0
A.hany,106.39,108.78,98.72,77.43,2.39
Nirabhra,131.8,134.2,96.68,77.45,2.4
TJ_Barbwire,150.79,161.19,93.9,77.46,10.4
Yure1,154,156.6,98.49,77.47,2.6
MaxNameIs16Char,82.8,86.8,97.7,77.51,4
EmoryQ,102.2,102.2,96.6,77.53,0
abhishek_jc,75.39,75.39,98.95,77.58,0
brennanj,106.99,111.39,96.64,77.62,4.4
Shadowll,70.8,70.8,95.93,77.62,0
womsajib,101.6,112.4,95.41,77.68,10.8
cardoza.,63.39,64.59,97.28,77.68,1.2
Yure1,158.2,159.8,98.02,77.76,1.6
MarcoPolololo,112.8,112.8,96.44,77.78,0
spooky__,90.79,90.79,97.85,77.78,0
frigidove,96.59,101.19,97.25,77.83,4.6
rajaZahid,78.38,80.58,98.27,77.83,2.2
registered_typer,92.6,92.6,99.36,77.86,0
lsk987,81.8,81.8,98.55,77.87,0
Clanna,81.6,89.2,92.62,77.9,7.6
amogha_maiya,63.79,86.79,85.48,77.94,23
lans_px,133.38,142.58,95.32,77.95,9.2
RevyRevy,81,81.8,98.55,77.95,0.8
Ep1cHaCk3r,114.59,117.79,97.81,77.97,3.2
PRIYANSHU__,58.39,63.39,94.74,78,5
imerfan,69.79,71.19,95.42,78.01,1.4
Kizotic,119.6,119.6,99.5,78.01,0
stevent12x,73,77.6,96.16,78.03,4.6
Bacchiato,121.2,123.8,97.3,78.04,2.6
vinvango,125,128.8,95.93,78.05,3.8
Chistopoo,92.2,110,90.41,78.07,17.8
Mag2512,88.39,94.79,94.27,78.07,6.4
Delving.TJ,74,74,96.1,78.09,0
HonkyTonkRobot,93,102.4,93.86,78.1,9.4
badznovski,97.4,97.4,98.04,78.11,0
Silentkey,87.59,91.79,95.95,78.15,4.2
shadow.69,81.6,85.6,96.75,78.21,4
oulongwenOG Account,125.98,125.98,99.21,78.23,0
D3kab,78.6,86.8,94.04,78.26,8.2
sunsetsonwheels,110,111.8,97.36,78.26,1.8
MrC.GR,58.19,58.19,98.64,78.26,0
tharmik,91.4,99.8,93.48,78.31,8.4
mxvlshn,90.2,91,99.56,78.43,0.8
xicky,88.2,94,94.19,78.44,5.8
shaibixds,123.99,123.99,99.2,78.44,0
nickg1980,90.8,95.2,97.29,78.47,4.4
QuipidScar,111.79,118.59,95.99,78.48,6.8
mrpal5a,71.8,80,94,78.49,8.2
Krain_,160.4,181.6,92.94,78.58,21.2
nyuwu,77.19,77.19,97.24,78.59,0
znzn,104.6,106.2,99.06,78.61,1.6
ferrousite,95,96,96.18,78.73,1
AR_the_GREAT,63.39,76.39,90.05,78.74,13
haiz,106.79,111.39,96.49,78.78,4.6
akash_07a,66.4,71,96.9,78.78,4.6
sw43,100.79,102.19,98.83,78.8,1.4
AlphaKappa,113.59,114.79,97.46,78.8,1.2
bat-man,67.39,67.39,97.69,78.8,0
erwintalento,105.4,105.4,99.43,78.8,0
Demin2,132.79,132.79,97.65,78.81,0
Avocado_Eggroll_,84.79,86.59,95.56,78.85,1.8
thalaApurb,79.99,83.59,98.09,78.88,3.6
EdriannePrado109,67.2,68.6,98.28,78.93,1.4
tyama,91.78,92.98,94.95,78.93,1.2
blitz_type,81.4,96.2,91.06,78.94,14.8
Vieeeeeee,61.8,61.8,98.74,78.95,0
Garima007,64.58,69.38,95.97,79.04,4.8
reanimated,95,97,96.61,79.05,2
Blanksmth,163.58,207.38,86.5,79.06,43.8
0KK,97.2,109,92.69,79.08,11.8
someUsername,126.77,131.56,97.14,79.08,4.79
gabagooool,90.99,90.99,98.7,79.08,0
panoplied,96.2,96.4,98.16,79.13,0.2
eonek,106.4,106.4,98.89,79.13,0
theinputmode,132.6,132.6,98.51,79.15,0
SuperEpic,107.19,108.19,99.45,79.29,1
noonicknames,98.98,98.98,97.83,79.31,0
szulerrr,119.59,119.59,98.37,79.31,0
Little111,92.4,92.4,97.47,79.37,0
ChrisCamp,99.39,105.59,96.78,79.38,6.2
Asadxon,78.78,79.78,94.76,79.46,1
sonicbedict,114.4,115.2,99.31,79.46,0.8
ian_k_john,82,82,97.62,79.46,0
draxure,108.8,110,97.51,79.47,1.2
comoyun,109,110,97.51,79.47,1
NaughtyCatBoy,102,105.6,97.73,79.55,3.6
Red1860,91.8,99.4,96.39,79.57,7.6
Nickredblue,76.51,76.51,97.22,79.57,0
type__monkey,143.79,145.99,97.83,79.59,2.2
KedrickPedroza,82.4,86.8,96.55,79.6,4.4
AnshulThakur123A,87.6,93.2,95.15,79.63,5.6
Nacticr,134,140.2,95.3,79.65,6.2
ninjatutuy21,121.99,126.79,96.57,79.65,4.8
Zeko,128.4,128.4,99.23,79.69,0
tylor,131.39,153.39,90.85,79.7,22
3bduo,116.6,125.6,95.73,79.71,9
ItzToxic,139.6,148,95.99,79.71,8.4
top2828,109.99,111.19,97.54,79.73,1.2
BcCakeman,115.98,117.58,97.81,79.74,1.6
Narsingh9,82.4,92.6,92.9,79.79,10.2
marcospe,109.2,110.2,97.34,79.8,1
Typdat,111,111,98.4,79.8,0
Ynwrd,99.2,102.6,97.68,79.83,3.4
tomul_tsot,135.59,147.99,94.51,79.87,12.4
rilee_h443,167,169.4,98.83,79.87,2.4
Amitesh97,122.4,124.8,98.56,79.87,2.4
Bittu26,105.79,116.39,94.52,79.9,10.6
Karjack,103.59,108.19,96.17,79.96,4.6
Dawwwwyyl,91,92,98.92,79.98,1
Cfarlue,90.2,97.2,95.91,79.99,7
42Willow,111.77,112.57,97.91,80,0.8
Sarwar_ElecTr1fy,125.8,130.2,97.42,80.02,4.4
parag_3,98.99,106.99,95.55,80.04,8
c_c_inc,86,96,91.18,80.06,10
yash6291036,112.99,119.79,96.35,80.06,6.8
Rixdus,114,120.2,96.05,80.06,6.2
KingLukky,94.79,101.99,94.94,80.08,7.2
EmwolbOG Account,130.8,130.8,98.95,80.08,0
Gratalat,111,111,99.11,80.1,0
oldman011,80.2,100.4,88.69,80.17,20.2
BRadish,115.6,129.4,92.38,80.25,13.8
shpoopdy,99.59,106.39,95.88,80.25,6.8
NARAYAN_SINGH,123.37,139.77,93.04,80.26,16.4
hunterfromont,90.4,110.2,88.57,80.27,19.8
Meiling,130.6,130.6,98.94,80.28,0
Baralul,123.6,125.6,96.91,80.3,2
SkySimBestServer,122.79,130.19,96.19,80.32,7.4
ghimiray,93.8,107,92.52,80.33,13.2
LesterMa,71.39,71.39,99.72,80.42,0
Fastblade9,60.39,77.78,87.95,80.44,17.39
Cilius,100.2,103,98.84,80.45,2.8
morpheus07,113.79,117.79,97.8,80.46,4
xen0v7,124.4,125.59,98.74,80.46,1.19
__Rohit__,114.79,120.59,96.73,80.48,5.8
marudamaru,88.19,101.59,93.73,80.49,13.4
doodle2552,123.38,123.38,98.56,80.49,0
Kingbeastj,136.59,149.79,94.2,80.51,13.2
JoggieJr,111.8,111.8,99.29,80.53,0
Harsh8,99.38,101.58,96.56,80.57,2.2
emscawas,98.59,99.99,97.84,80.57,1.4
GPWAp1,151.6,159.2,96.02,80.58,7.6
komarex07,85.6,85.6,99.77,80.75,0
cyan17All Year Long,133.93,136.13,98.83,80.77,2.2
ricfinity242,102.19,109.39,95.65,80.78,7.2
hoatrinhdev,96.4,96.4,97.39,80.79,0
A1_1,92.8,95.8,97.73,80.8,3
KingTiggyWiggy,100,100,100,80.82,0
filipr1,128.59,129.79,98.78,80.9,1.2
yokew,144.8,158.4,94.62,80.93,13.6
beyondMeaning,143.8,151.4,96.34,81.01,7.6
gloomyRabbit,91.8,98.6,96.36,81.01,6.8
seirakitsune,125.78,125.78,98.9,81.04,0
Zevikan,76.2,76.2,97.69,81.05,0
RoyalDolphin,123.39,128.39,97.22,81.06,5
applenvy,113.38,117.58,97.64,81.06,4.2
PiXe1,105.2,108.2,97.62,81.1,3
shenuka,79.4,81,98.77,81.24,1.6
MrCynric,137.4,141,97.46,81.25,3.6
aryan111111,92.4,93.2,98.09,81.37,0.8
khanele,120.99,126.59,96.55,81.39,5.6
rosyyia,85.99,86.99,99.08,81.39,1
teemo69,100,100.2,98.43,81.39,0.2
rusdoomer,138.77,146.37,96.25,81.4,7.6
XPT5OO1,64.2,64.2,99.38,81.4,0
Utkarsh-KT,73,80.2,93.38,81.44,7.2
jaa1,129,136,97.23,81.44,7
Hollya__,123.2,123.2,97.8,81.48,0
Trickmon324,160.79,173.59,94.76,81.58,12.8
pranjalkanel,115.59,115.59,99.48,81.58,0
BarryCode,133.6,134.4,98.82,81.59,0.8
adacchi,122,129.4,97.37,81.6,7.4
faster12,156.79,183.38,92.3,81.71,26.59
jaslee643,140.4,159.2,92.52,81.73,18.8
2scoopsofcream,79.38,93.18,91.42,81.74,13.8
amiratulaniqah,93.78,95.18,98.95,81.81,1.4
thats_not_you,78.59,78.59,99.24,81.82,0
xen0v7,128.19,140.79,94.32,81.86,12.6
rakib.cs,74,86.6,93.12,81.91,12.6
Zunlios,92.99,98.39,95.77,81.94,5.4
Vtc766,139.2,157.4,92.56,82.1,18.2
Kenirio,101.4,113.4,94.2,82.1,12
ChetdeJong,95.39,98.19,97.01,82.13,2.8
mustang51,108.2,109.2,96.96,82.21,1
jamesph82,111,111,99.11,82.21,0
squidmont11,153.79,156.39,98.73,82.22,2.6
malvqi,79.59,90.99,92.66,82.28,11.4
GamerVsGenius,139.4,157.6,93.05,82.29,18.2
unnameduser97356All Year Long,111.39,121.99,95.08,82.3,10.6
ianleong,126,139.8,93.76,82.31,13.8
Fatih_U,144.59,157.99,94.84,82.42,13.4
Selmie,133.18,138.98,97.15,82.42,5.8
JoeGoham,110.79,110.79,98.93,82.43,0
Zoly,122.98,128.18,97.36,82.45,5.2
seanho,122.6,132.8,95.33,82.47,10.2
komarex07,86.39,86.39,100,82.47,0
Astromechanic,115.19,127.39,93.28,82.49,12.2
Arcoxia,90,92.6,98.06,82.51,2.6
urbanite01,90.4,96.6,95.89,82.56,6.2
pmanthocks,124.2,124.2,98.1,82.6,0
HizkiaSitumeang,107.59,117.19,93.74,82.63,9.6
ephor,89.8,92,98.26,82.72,2.2
Dda6,126,139,95.11,82.86,13
ffffffghffffffff,131.39,139.99,96.75,82.88,8.6
reyplayz,119.4,122.2,98.22,82.88,2.8
developerjake,139.78,154.38,94.99,82.93,14.6
tanishthebest,127.99,135.19,97.05,82.95,7.2
bvnnie,126.59,126.59,98.91,82.95,0
BlueSea,154.6,160.4,98.01,83.03,5.8
OnoMichi,115.4,115.4,99.48,83.04,0
kjtype,136,136,98.98,83.06,0
programmingpower,118.58,118.58,99,83.09,0
Insomnicc,141.18,142.38,98.61,83.14,1.2
TouchKing,87.18,87.18,99.32,83.17,0
33kc,134.39,167.98,88.02,83.19,33.59
Pradhan,101.8,103,99.03,83.21,1.2
YesOk,150,152.6,98.95,83.29,2.6
cookiemaster,141.8,149.2,96.69,83.31,7.4
Sushil-jaishi,68.6,68.6,100,83.38,0
Sapient,181.59,188.39,98.09,83.43,6.8
Pranav2806,74.8,80.6,97.02,83.45,5.8
Nexxeron,169.79,173.99,98.4,83.45,4.2
cybraid,174.59,181.19,96.52,83.47,6.6
Clex,135.4,158.4,90.95,83.49,23
managerhwang,166.59,188.79,92.54,83.51,22.2
BipedPotato,144,146.6,98.64,83.51,2.6
BrickL0,126.8,139.2,93,83.61,12.4
xuanzang44,154.4,164.6,95.42,83.61,10.2
Rockodile,126.2,132.2,96.56,83.73,6
Plzd0nt,92.59,93.99,98.52,83.77,1.4
Kevin2002,109.19,111.39,98.75,83.78,2.2
whitebeard1035,91.19,98.59,95.74,83.81,7.4
katsts,120.4,134,94.79,83.96,13.6
Nalyd_VSAll Year Long,170.58,185.78,95.32,83.98,15.2
kaiawoolfe,89.2,95.2,96.64,84.08,6
skwerly,190.99,207.19,95.48,84.1,16.2
UTF8All Year Long,169.18,185.18,96.02,84.17,16
User_Mint,124.38,130.78,97.41,84.17,6.4
Jythonscript,114.2,118.2,97.65,84.24,4
Mohit_Singh985,92,94,98.11,84.31,2
Gaotosky10,137,151.2,94.35,84.33,14.2
Krain_,164.19,197.79,90.03,84.34,33.6
erure,148.19,158.79,96.47,84.43,10.6
TeddyK39,127,131,98.03,84.43,4
bob,152,163.4,94.43,84.46,11.4
Budderbear,115.79,119.99,97.67,84.48,4.2
phr4ctal,114.8,117,99.49,84.6,2.2
monitors,139.8,153.2,94.69,84.62,13.4
ritikmishra,171.19,177.99,97.99,84.7,6.8
Tetracarn,126.2,139.8,94.72,84.73,13.6
MyoKyaw1992,95.99,95.99,99.59,84.76,0
Dharmik31,118.2,118.2,99.83,84.8,0
MisterRoo2000,129,138,95.8,84.9,9
ChessKnightz,199.13,221.72,94.15,85.01,22.59
dmnuggins,122.18,127.98,97.51,85.1,5.8
oulongwenOG Account,128.4,132.2,98.49,85.22,3.8
TaufiqProtick,85.99,102.79,90.86,85.33,16.8
Dominatio,193,220.19,92.12,85.34,27.19
violel,177.6,208.8,91.04,85.36,31.2
nickvec,143.2,149.6,97.33,85.36,6.4
odekipalace,158.39,166.79,96.56,85.4,8.4
TopCantStop,132.4,142.2,95.37,85.42,9.8
El_Breno,93.6,119.59,87.63,85.46,25.99
anthonywsptServer Mod,147.79,174.39,91.63,85.49,26.6
chessfgm,108.56,126.35,92.74,85.61,17.79
alan123456wake,107.2,107.2,99.08,85.86,0
kenthchen,143.39,144.19,98.49,86.07,0.8
Vinsukii,101.6,101.6,100,86.11,0
udontran,152.4,153.2,99.35,86.19,0.8
THOMAS5745,126,129.8,98.16,86.24,3.8
LeaFy,230.8,244,96.9,86.25,13.2
scannerlicker,107.2,116,96.72,86.29,8.8
HIGHMYNAMEISME,158.19,162.39,98.28,86.34,4.2
saimike,123.4,130,96.79,86.42,6.6
IanC79,128.36,128.36,100,86.53,0
zylynx,121.59,136.59,93.45,86.81,15
sezmia,165.19,165.19,100,86.85,0
skwerly,186.39,204.19,95.59,86.88,17.8
Mastabob,110.59,116.79,96.58,86.89,6.2
BGRED,111.6,121.8,95.24,87.05,10.2
yulxings,160.78,165.18,98.43,87.12,4.4
Aayush_0112,132.57,143.77,96.39,87.15,11.2
ThatHeathen,190.59,208.79,96.08,87.24,18.2
devlynsun,151.8,158,96.73,87.63,6.2
DJNT,136.19,150.98,93.92,88.21,14.79
s4liven,128.4,130.59,98.93,88.25,2.19
SoGoodRight,144.39,158.79,93.2,88.26,14.4
onykz,147.79,156.79,96.56,88.4,9
THOMAS5745,133.79,135.19,98.82,88.65,1.4
Adryn-Aria,165.13,195.72,92.03,89.24,30.59
terracount,148.57,154.97,97.68,89.3,6.4
sambyte,139.4,144.8,96.96,89.42,5.4
Volan_100,155.79,157.59,99.37,89.84,1.8
dougsyeung,120.4,120.4,99.83,89.98,0