consistency,pctl
100,0
97.75,0.0002491727
97.49,0.0004983455
97.19,0.001245864
96.96,0.001495036
96.91,0.001744209
96.78,0.001993382
96.77,0.002242555
96.68,0.002491727
96.67,0.002990073
96.55,0.003239246
96.35,0.005232628
96.34,0.005730973
96.3,0.005980146
96.1,0.006478491
96.08,0.006727664
96.03,0.006976837
96.02,0.00722601
96,0.007475182
95.97,0.007724355
95.96,0.007973528
95.92,0.008471873
95.91,0.009219392
95.9,0.009468564
95.89,0.009717737
95.88,0.00996691
95.84,0.0109636
95.82,0.01146195
95.78,0.01171112
95.77,0.01196029
95.73,0.01245864
95.7,0.01270781
95.65,0.01295698
95.61,0.01345533
95.58,0.01445202
95.55,0.01519954
95.54,0.0164454
95.52,0.01694375
95.5,0.01744209
95.49,0.01794044
95.46,0.01818961
95.44,0.01868796
95.43,0.01893713
95.41,0.0191863
95.39,0.02043217
95.38,0.02068134
95.37,0.02142886
95.36,0.02167803
95.31,0.0219272
95.3,0.02217637
95.29,0.02242555
95.26,0.02317307
95.25,0.02416976
95.23,0.02441893
95.2,0.02691066
95.17,0.02765817
95.16,0.02840569
95.15,0.02890404
95.13,0.02965156
95.12,0.0301499
95.11,0.03164494
95.1,0.03214328
95.08,0.03239246
95.07,0.03313998
95.05,0.03463501
95.04,0.03588088
94.99,0.03687757
94.95,0.03787426
94.94,0.03912012
94.92,0.04061516
94.91,0.04136268
94.9,0.04335606
94.89,0.04485109
94.88,0.04510027
94.87,0.04584779
94.86,0.0465953
94.84,0.04709365
94.83,0.04858869
94.82,0.04883786
94.81,0.04983455
94.8,0.05058207
94.79,0.05108041
94.78,0.05182793
94.77,0.05332297
94.76,0.05531635
94.75,0.0585556
94.74,0.0602998
94.73,0.06104732
94.71,0.06528326
94.7,0.06553243
94.69,0.06578161
94.68,0.06827333
94.67,0.06852251
94.66,0.07001754
94.65,0.07201092
94.64,0.07400431
94.63,0.07574851
94.62,0.07599769
94.61,0.07624686
94.59,0.07699438
94.58,0.07749272
94.57,0.07873859
94.56,0.07973528
94.54,0.08098114
94.53,0.08172866
94.52,0.0832237
94.51,0.08621377
94.5,0.08646294
94.49,0.08671212
94.48,0.08721046
94.47,0.08845633
94.46,0.08945302
94.45,0.09368895
94.44,0.09493482
94.43,0.09568233
94.42,0.09667903
94.41,0.09742654
94.39,0.1041542
94.38,0.1044034
94.37,0.1058984
94.36,0.1076426
94.35,0.1078918
94.34,0.109636
94.33,0.1098852
94.31,0.1121277
94.3,0.1143703
94.29,0.1188554
94.28,0.1193537
94.27,0.1203504
94.26,0.1213471
94.25,0.1243372
94.24,0.1270781
94.23,0.1288223
94.22,0.1340549
94.21,0.1343041
94.19,0.1362975
94.18,0.1387892
94.17,0.1400351
94.16,0.1447694
94.15,0.1452677
94.14,0.1465136
94.13,0.1487561
94.12,0.1509987
94.11,0.1547363
94.09,0.1589722
94.08,0.1637065
94.07,0.1694375
94.05,0.1704342
94.04,0.1731751
94.03,0.1739226
94.02,0.1764143
94.01,0.1804011
94,0.183142
93.98,0.1833911
93.97,0.1843878
93.96,0.1881254
93.95,0.1883746
93.94,0.1951023
93.93,0.1978432
93.92,0.199089
93.91,0.1998365
93.9,0.2045708
93.89,0.2070626
93.87,0.2090559
93.86,0.2152853
93.85,0.2245046
93.84,0.2284914
93.83,0.2297373
93.82,0.2342224
93.81,0.2349699
93.8,0.2377108
93.79,0.2382091
93.78,0.2392058
93.77,0.2459335
93.76,0.2526612
93.74,0.2549037
93.73,0.2628772
93.72,0.2641231
93.71,0.2656181
93.7,0.2676115
93.69,0.2686082
93.68,0.2715983
93.67,0.2755851
93.66,0.2815652
93.65,0.287047
93.64,0.2920305
93.62,0.2965156
93.61,0.2995056
93.6,0.3037416
93.59,0.3184428
93.58,0.3186919
93.57,0.3214328
93.56,0.327413
93.55,0.3326456
93.54,0.3470976
93.53,0.3508352
93.51,0.3583104
93.5,0.3610513
93.49,0.3645397
93.48,0.369274
93.47,0.3722641
93.46,0.3777459
93.45,0.3804868
93.44,0.3809851
93.43,0.387962
93.42,0.3941913
93.41,0.4011681
93.4,0.4064007
93.39,0.415371
93.38,0.4248395
93.37,0.4360523
93.36,0.4363015
93.34,0.4475143
93.33,0.4502552
93.32,0.4562353
93.31,0.4634613
93.3,0.4642088
93.28,0.4686939
93.27,0.4734282
93.26,0.4761691
93.25,0.4771658
93.24,0.4838935
93.23,0.4901228
93.22,0.5068174
93.21,0.5075649
93.2,0.51205
93.19,0.5175318
93.18,0.5187777
93.17,0.5247578
93.16,0.5309871
93.15,0.540954
93.14,0.5471834
93.13,0.5561536
93.12,0.5613862
93.11,0.5711039
93.1,0.5810708
93.09,0.5982638
93.08,0.5985129
93.07,0.5995096
93.06,0.6059881
93.05,0.6157059
93.04,0.6162042
93.03,0.6301579
93.02,0.6381314
93.01,0.6560718
93,0.6608061
92.99,0.6700255
92.98,0.6717697
92.97,0.6777499
92.96,0.6919527
92.95,0.6922019
92.94,0.7049097
92.93,0.7270861
92.92,0.7397939
92.91,0.7522525
92.9,0.7729339
92.89,0.791871
92.88,0.8075689
92.87,0.807818
92.86,0.8083164
92.85,0.8103098
92.84,0.8137982
92.83,0.825011
92.82,0.8252601
92.81,0.8324861
92.8,0.8407088
92.79,0.8424531
92.78,0.8459415
92.77,0.8469382
92.76,0.8603935
92.75,0.8671212
92.74,0.8763405
92.73,0.8773372
92.72,0.8902942
92.71,0.9059921
92.7,0.928916
92.69,0.9421222
92.67,0.9453614
92.66,0.949099
92.65,0.9675378
92.64,0.9685345
92.62,0.9747638
92.61,0.9812423
92.6,0.9877208
92.59,1.002173
92.58,1.01812
92.57,1.049266
92.56,1.062722
92.55,1.077174
92.54,1.113304
92.53,1.11754
92.52,1.118038
92.51,1.124517
92.5,1.130497
92.49,1.150431
92.48,1.152175
92.47,1.176095
92.46,1.185066
92.45,1.186561
92.44,1.200265
92.43,1.209983
92.42,1.235398
92.41,1.279253
92.4,1.280997
92.39,1.288472
92.38,1.31015
92.37,1.310399
92.36,1.336812
92.35,1.364719
92.34,1.387145
92.33,1.387643
92.32,1.419537
92.31,1.434488
92.3,1.455916
92.29,1.476847
92.28,1.53914
92.27,1.540635
92.26,1.542628
92.25,1.551848
92.24,1.553841
92.23,1.556084
92.22,1.567546
92.21,1.593958
92.2,1.59645
92.19,1.612148
92.18,1.623111
92.17,1.628095
92.16,1.632081
92.15,1.651517
92.14,1.652015
92.13,1.667962
92.12,1.679673
92.11,1.68366
92.1,1.699856
92.09,1.701352
92.08,1.723528
92.07,1.73499
92.06,1.748694
92.05,1.772864
92.04,1.802017
92.03,1.825689
92.02,1.831171
92.01,1.841885
92,1.844377
91.99,1.845373
91.98,1.853596
91.97,1.858829
91.96,1.884493
91.95,1.890972
91.94,1.901188
91.93,1.929095
91.92,1.949777
91.91,1.970956
91.9,1.982917
91.89,2.001106
91.88,2.012568
91.87,2.029014
91.86,2.08134
91.85,2.101523
91.84,2.116722
91.83,2.168301
91.82,2.186989
91.81,2.194714
91.8,2.198451
91.79,2.206674
91.78,2.230096
91.77,2.272455
91.76,2.273203
91.75,2.290645
91.74,2.299117
91.73,2.31033
91.72,2.328768
91.71,2.363902
91.7,2.364151
91.69,2.409251
91.68,2.418222
91.67,2.459833
91.66,2.496213
91.65,2.526113
91.64,2.541811
91.63,2.558007
91.61,2.564237
91.6,2.607094
91.59,2.630517
91.58,2.670135
91.57,2.686082
91.56,2.706016
91.55,2.717727
91.54,2.783509
91.53,2.80419
91.52,2.826117
91.51,2.873211
91.5,2.905853
91.49,2.956435
91.48,3.010256
91.47,3.024957
91.46,3.03318
91.45,3.035921
91.44,3.036917
91.43,3.040406
91.42,3.067067
91.41,3.068562
91.4,3.106187
91.39,3.13559
91.38,3.155773
91.37,3.160756
91.36,3.175707
91.35,3.190408
91.34,3.227285
91.33,3.246721
91.32,3.269645
91.31,3.290077
91.3,3.303532
91.29,3.31026
91.28,3.316489
91.27,3.344397
91.26,3.382271
91.25,3.396972
91.23,3.425378
91.22,3.44581
91.21,3.465744
91.2,3.504116
91.19,3.508851
91.18,3.546227
91.17,3.586094
91.16,3.60852
91.15,3.650132
91.14,3.652374
91.13,3.700963
91.12,3.707192
91.11,3.733604
91.1,3.746811
91.09,3.774718
91.08,3.805366
91.07,3.822808
91.06,3.840998
91.05,3.882111
91.04,3.902294
91.03,3.958109
91.02,3.960352
91.01,3.985767
91,4.010186
90.99,4.023392
90.98,4.030868
90.97,4.052047
90.96,4.052296
90.95,4.108609
90.94,4.136018
90.93,4.158195
90.92,4.239425
90.91,4.293496
90.9,4.296984
90.89,4.31941
90.88,4.337101
90.87,4.371237
90.86,4.471156
90.85,4.495575
90.84,4.513764
90.83,4.59026
90.82,4.604712
90.81,4.604962
90.8,4.606207
90.79,4.642337
90.78,4.693916
90.77,4.742256
90.76,4.744997
90.75,4.752472
90.74,4.757704
90.73,4.772904
90.72,4.779881
90.71,4.840181
90.7,4.851643
90.69,4.905215
90.68,4.940846
90.67,4.966262
90.66,4.966511
90.65,5.055964
90.64,5.093589
90.63,5.15663
90.62,5.173325
90.61,5.175318
90.6,5.224156
90.59,5.238359
90.58,5.258791
90.57,5.338526
90.56,5.389856
90.55,5.43969
90.54,5.466352
90.53,5.504475
90.52,5.524409
90.51,5.569758
90.5,5.589941
90.49,5.609875
90.48,5.63853
90.47,5.68064
90.46,5.715275
90.45,5.74094
90.44,5.760874
90.43,5.811954
90.42,5.828898
90.41,5.860294
90.4,5.876988
90.39,5.916109
90.38,5.970677
90.37,6.073087
90.36,6.088785
90.35,6.089034
90.34,6.094267
90.33,6.151826
90.32,6.199667
90.31,6.275166
90.3,6.285632
90.29,6.31329
90.28,6.33123
90.27,6.423175
90.26,6.492445
90.25,6.495435
90.24,6.546017
90.23,6.567446
90.22,6.595104
90.21,6.686052
90.2,6.703993
90.19,6.706235
90.18,6.74685
90.17,6.747349
90.16,6.752332
90.15,6.753827
90.14,6.791203
90.13,6.792698
90.12,6.812632
90.11,6.879161
90.1,6.903829
90.09,6.966621
90.08,7.000757
90.07,7.043615
90.06,7.0481
90.05,7.105908
90.04,7.123101
90.03,7.171441
90.02,7.269615
90.01,7.28905
90,7.290047
89.99,7.349101
89.98,7.386477
89.97,7.458488
89.96,7.518289
89.95,7.596031
89.94,7.619453
89.93,7.622693
89.92,7.662311
89.91,7.721365
89.9,7.757246
89.89,7.821034
89.88,7.906999
89.87,7.943378
89.86,8.004674
89.85,8.022864
89.84,8.078928
89.83,8.086154
89.82,8.087151
89.81,8.101354
89.8,8.10235
89.79,8.104842
89.78,8.132749
89.77,8.190557
89.76,8.235658
89.75,8.293217
89.74,8.399613
89.73,8.444464
89.72,8.446458
89.71,8.48483
89.7,8.512489
89.69,8.539648
89.68,8.546625
89.67,8.590729
89.66,8.700116
89.65,8.725282
89.64,8.769136
89.63,8.866812
89.62,8.906929
89.61,8.944803
89.6,9.036997
89.59,9.086333
89.58,9.115487
89.57,9.159341
89.56,9.209674
89.55,9.233096
89.54,9.309343
89.53,9.373131
89.52,9.440657
89.51,9.488997
89.5,9.537585
89.49,9.586921
89.48,9.634513
89.47,9.686092
89.46,9.741907
89.45,9.835596
89.44,9.904367
89.43,9.907856
89.42,9.922557
89.41,9.961926
89.4,9.962176
89.39,9.984103
89.38,9.991578
89.37,10.0459
89.36,10.09274
89.35,10.12264
89.34,10.16301
89.33,10.18693
89.32,10.26143
89.31,10.29407
89.3,10.33319
89.29,10.37705
89.28,10.38253
89.27,10.38876
89.26,10.45778
89.25,10.50936
89.24,10.541
89.23,10.59084
89.22,10.63918
89.21,10.6925
89.2,10.77597
89.19,10.86717
89.18,10.96809
89.17,11.02216
89.16,11.06626
89.15,11.07872
89.14,11.14525
89.13,11.18561
89.12,11.23096
89.11,11.28279
89.09,11.31967
89.08,11.40887
89.07,11.48412
89.06,11.48861
89.05,11.55763
89.04,11.62092
89.03,11.65605
89.01,11.73205
89,11.84468
88.99,11.95581
88.98,12.02184
88.97,12.06146
88.96,12.06195
88.95,12.13696
88.94,12.13745
88.93,12.14642
88.92,12.20299
88.91,12.25157
88.9,12.28795
88.89,12.33505
88.88,12.34302
88.87,12.39784
88.86,12.47334
88.85,12.50075
88.84,12.5157
88.83,12.56005
88.82,12.65374
88.81,12.72201
88.8,12.72251
88.79,12.726
88.78,12.83663
88.77,12.84211
88.76,12.91612
88.75,12.98464
88.74,12.98938
88.73,13.03223
88.72,13.03846
88.71,13.1182
88.7,13.16828
88.69,13.2819
88.68,13.42642
88.67,13.51712
88.66,13.54503
88.64,13.64046
88.63,13.66588
88.62,13.70973
88.61,13.70998
88.6,13.75159
88.59,13.75683
88.58,13.80616
88.57,13.90434
88.56,13.97809
88.55,14.0065
88.54,14.01123
88.53,14.09695
88.52,14.16547
88.51,14.22926
88.5,14.2766
88.49,14.35858
88.48,14.44753
88.47,14.57984
88.46,14.58433
88.45,14.70044
88.44,14.78217
88.43,14.81905
88.42,14.87586
88.41,14.92495
88.4,14.93865
88.39,14.95884
88.38,14.97304
88.37,15.0164
88.36,15.01714
88.35,15.05601
88.34,15.08342
88.33,15.1816
88.32,15.25834
88.31,15.27205
88.3,15.31914
88.29,15.35128
88.28,15.39564
88.27,15.45818
88.26,15.48459
88.25,15.60419
88.24,15.64655
88.23,15.71732
88.22,15.73102
88.21,15.7375
88.2,15.80204
88.19,15.82695
88.18,15.85411
88.17,15.86358
88.16,15.94656
88.15,15.96923
88.14,16.07239
88.13,16.17879
88.12,16.17904
88.11,16.30113
88.1,16.41151
88.09,16.53236
88.08,16.59889
88.07,16.60711
88.06,16.6101
88.05,16.64698
88.04,16.68685
88.03,16.6876
88.02,16.72597
88.01,16.77855
88,16.81443
87.99,16.87248
87.98,16.94948
87.97,16.98187
87.96,17.07506
87.95,17.16352
87.94,17.20289
87.93,17.26094
87.92,17.36709
87.91,17.46651
87.9,17.49267
87.89,17.53603
87.88,17.62474
87.87,17.75406
87.86,17.82158
87.85,17.92499
87.84,17.93222
87.83,18.05207
87.82,18.18263
87.81,18.224
87.8,18.22474
87.79,18.26586
87.78,18.31395
87.77,18.31445
87.76,18.33438
87.75,18.38048
87.74,18.41561
87.73,18.50083
87.72,18.50606
87.71,18.61221
87.7,18.63563
87.69,18.68546
87.68,18.74103
87.67,18.81379
87.66,18.87982
87.65,18.95906
87.64,18.96155
87.63,18.98273
87.62,19.02384
87.61,19.03655
87.6,19.11753
87.59,19.19502
87.58,19.2476
87.57,19.3059
87.56,19.35001
87.55,19.38115
87.54,19.46388
87.53,19.51172
87.52,19.55757
87.51,19.58622
87.5,19.58822
87.49,19.69287
87.48,19.78855
87.47,19.7888
87.46,19.83515
87.45,19.84138
87.44,19.88274
87.43,20.04395
87.42,20.05691
87.41,20.17751
87.4,20.27045
87.39,20.32303
87.38,20.34446
87.37,20.35118
87.36,20.44288
87.35,20.4658
87.34,20.57793
87.32,20.60509
87.31,20.69978
87.3,20.70077
87.29,20.82561
87.28,20.86348
87.27,20.95767
87.26,20.9776
87.25,21.06731
87.24,21.25593
87.23,21.25792
87.22,21.33492
87.21,21.47894
87.2,21.5203
87.19,21.54647
87.18,21.62421
87.17,21.63766
87.16,21.70095
87.15,21.74531
87.14,21.78966
87.13,21.89805
87.12,21.94589
87.1,21.98825
87.09,22.21574
87.08,22.3194
87.07,22.32413
87.06,22.36375
87.05,22.44025
87.04,22.44922
87.03,22.48859
87.02,22.50753
87.01,22.59822
87,22.64332
86.99,22.6797
86.98,22.81002
86.97,22.85338
86.96,22.90346
86.95,22.97173
86.94,23.01484
86.93,23.07963
86.92,23.1337
86.91,23.16609
86.9,23.16634
86.89,23.23935
86.88,23.30214
86.87,23.32357
86.86,23.43644
86.85,23.47506
86.84,23.53935
86.83,23.56601
86.82,23.66443
86.81,23.76061
86.8,23.84957
86.78,23.86751
86.77,23.92781
86.76,23.93155
86.75,23.9318
86.74,24.0524
86.73,24.0651
86.72,24.1122
86.71,24.19293
86.7,24.28986
86.69,24.29733
86.68,24.3377
86.67,24.38056
86.66,24.39127
86.65,24.47973
86.64,24.49567
86.63,24.53355
86.62,24.67059
86.61,24.76154
86.6,24.85972
86.59,24.86295
86.58,24.96312
86.57,25.07002
86.56,25.10116
86.55,25.19759
86.54,25.24768
86.53,25.33514
86.52,25.376
86.51,25.37949
86.5,25.44328
86.49,25.45997
86.48,25.56089
86.47,25.59826
86.46,25.71413
86.45,25.8275
86.44,25.93116
86.43,25.95034
86.42,25.96081
86.41,26.01015
86.4,26.10408
86.39,26.11006
86.38,26.32236
86.37,26.41306
86.36,26.41505
86.35,26.47161
86.34,26.4918
86.33,26.52992
86.32,26.53042
86.31,26.57029
86.3,26.67743
86.29,26.68964
86.28,26.69064
86.27,26.78358
86.26,26.85086
86.25,26.96523
86.24,27.00185
86.23,27.0619
86.22,27.14338
86.21,27.26074
86.2,27.37462
86.19,27.46382
86.18,27.51365
86.17,27.55651
86.16,27.57495
86.15,27.68808
86.14,27.69107
86.13,27.76781
86.12,27.77205
86.11,27.79173
86.1,27.90785
86.09,27.99406
86.08,28.0713
86.07,28.14406
86.06,28.26391
86.05,28.27612
86.04,28.32247
86.03,28.44531
86.02,28.45229
86.01,28.51184
86,28.59158
85.99,28.59407
85.98,28.61674
85.97,28.70669
85.96,28.71242
85.95,28.75329
85.94,28.81334
85.93,28.83726
85.92,28.87115
85.91,28.90454
85.9,28.90703
85.89,28.98527
85.88,29.0675
85.87,29.13328
85.86,29.17315
85.85,29.25413
85.84,29.26085
85.82,29.36551
85.81,29.40438
85.8,29.47165
85.79,29.53445
85.78,29.53569
85.77,29.69317
85.76,29.71335
85.75,29.74151
85.74,29.84467
85.73,29.88229
85.72,29.98894
85.71,29.99018
85.7,30.14068
85.69,30.15588
85.68,30.22391
85.67,30.24484
85.66,30.27399
85.65,30.32582
85.64,30.38238
85.63,30.51793
85.62,30.52864
85.61,30.53263
85.6,30.73845
85.59,30.75141
85.58,30.82142
85.57,30.94053
85.56,31.22508
85.55,31.22533
85.54,31.22807
85.53,31.35116
85.52,31.4167
85.51,31.41695
85.5,31.46354
85.48,31.47725
85.47,31.53281
85.46,31.6427
85.45,31.64469
85.44,31.66487
85.43,31.75109
85.42,31.76853
85.41,31.83481
85.4,31.89984
85.39,31.93871
85.38,32.0025
85.37,32.09046
85.36,32.16845
85.35,32.2584
85.34,32.36256
85.32,32.48291
85.31,32.48939
85.3,32.49636
85.29,32.52701
85.28,32.54296
85.26,32.59379
85.25,32.71912
85.24,32.85492
85.23,32.90426
85.22,32.982
85.21,33.02934
85.2,33.07768
85.19,33.209
85.18,33.3276
85.17,33.41481
85.16,33.41631
85.15,33.41855
85.14,33.49729
85.13,33.57802
85.12,33.61639
85.11,33.66149
85.1,33.81125
85.09,33.89023
85.08,33.97919
85.07,34.01108
85.06,34.08035
85.05,34.1409
85.04,34.22238
85.03,34.33476
85.02,34.39531
85.01,34.48725
85,34.52463
84.99,34.67264
84.98,34.71549
84.97,34.74141
84.96,34.77181
84.95,34.86699
84.94,34.86898
84.93,34.92754
84.92,34.92804
84.91,35.02372
84.9,35.02397
84.89,35.03344
84.88,35.05462
84.87,35.0895
84.86,35.09374
84.85,35.16675
84.84,35.19391
84.83,35.22705
84.82,35.27912
84.81,35.34142
84.8,35.39001
84.79,35.43685
84.78,35.46102
84.77,35.52805
84.76,35.65537
84.75,35.71219
84.74,35.71866
84.73,35.75579
84.72,35.82082
84.71,35.89707
84.7,35.93395
84.69,35.98304
84.68,36.03038
84.67,36.12158
84.66,36.1901
84.65,36.34309
84.64,36.41087
84.63,36.55588
84.62,36.56112
84.61,36.66477
84.6,36.69318
84.59,36.69418
84.58,36.69567
84.57,36.76992
84.56,36.7774
84.55,36.822
84.54,36.96453
84.53,37.0186
84.52,37.19127
84.51,37.2304
84.5,37.29892
84.49,37.34003
84.48,37.34402
84.47,37.35324
84.46,37.36769
84.45,37.37865
84.44,37.54136
84.43,37.60989
84.42,37.65897
84.41,37.70831
84.4,37.88049
84.39,37.97168
84.38,37.99336
84.37,38.01629
84.36,38.02725
84.35,38.13713
84.34,38.2535
84.33,38.25425
84.32,38.34295
84.31,38.479
84.3,38.55076
84.29,38.62701
84.27,38.69902
84.26,38.72892
84.25,38.74188
84.24,38.74287
84.23,38.75882
84.22,38.80367
84.21,38.84503
84.2,38.90334
84.19,38.97386
84.18,39.02867
84.17,39.03416
84.16,39.10093
84.15,39.25168
84.14,39.25766
84.13,39.2756
84.12,39.2786
84.11,39.36257
84.1,39.37976
84.08,39.48491
84.07,39.60725
84.06,39.7595
84.05,39.78466
84.04,39.8046
84.03,39.84746
84.02,39.91349
84.01,40.04655
84,40.18957
83.99,40.2262
83.98,40.28301
83.97,40.3002
83.96,40.30942
83.95,40.32961
83.94,40.35677
83.93,40.4527
83.92,40.49306
83.91,40.62562
83.9,40.67645
83.89,40.77239
83.88,40.77363
83.87,40.88775
83.86,40.90868
83.85,40.97172
83.84,41.0228
83.83,41.04025
83.82,41.0532
83.81,41.18975
83.8,41.22912
83.79,41.41749
83.78,41.49872
83.77,41.57422
83.76,41.60637
83.75,41.61509
83.74,41.65595
83.73,41.76085
83.72,41.83187
83.71,41.83237
83.7,41.92456
83.69,42.02398
83.68,42.08677
83.67,42.13661
83.66,42.25272
83.65,42.29907
83.64,42.35214
83.63,42.37681
83.62,42.38802
83.61,42.39201
83.6,42.44782
83.59,42.49616
83.58,42.57141
83.57,42.61975
83.56,42.63396
83.55,42.70721
83.54,42.79592
83.53,42.90281
83.52,42.93496
83.51,43.00448
83.5,43.03238
83.49,43.19634
83.48,43.20855
83.47,43.22474
83.45,43.23695
83.44,43.28031
83.43,43.28056
83.42,43.2823
83.41,43.31195
83.4,43.34584
83.39,43.38048
83.38,43.43505
83.37,43.43804
83.36,43.51079
83.35,43.6309
83.34,43.70316
83.33,43.70714
83.32,43.77517
83.31,43.84543
83.3,43.90523
83.29,44.09834
83.28,44.10507
83.27,44.26579
83.26,44.31936
83.25,44.31986
83.24,44.39311
83.23,44.4285
83.22,44.42974
83.21,44.51795
83.2,44.52094
83.19,44.56006
83.18,44.64129
83.17,44.70857
83.16,44.75691
83.15,44.79055
83.14,44.90217
83.13,44.96397
83.12,45.03772
83.11,45.08058
83.1,45.18872
83.09,45.27045
83.08,45.32701
83.07,45.33349
83.06,45.47228
83.05,45.4977
83.04,45.63499
83.03,45.63973
83.02,45.81888
83.01,45.82511
83,45.83632
82.99,45.90385
82.98,46.02171
82.97,46.0693
82.96,46.13134
82.95,46.23375
82.93,46.24347
82.92,46.27412
82.91,46.35386
82.9,46.36457
82.89,46.37802
82.88,46.39098
82.87,46.39721
82.85,46.43558
82.84,46.49738
82.83,46.52753
82.82,46.56864
82.81,46.63019
82.8,46.76125
82.79,46.8071
82.78,46.92097
82.77,46.96807
82.76,47.03136
82.75,47.05029
82.74,47.07621
82.72,47.07671
82.71,47.16716
82.7,47.26084
82.69,47.31192
82.68,47.4562
82.67,47.50429
82.66,47.55811
82.65,47.61293
82.64,47.69615
82.63,47.73253
82.62,47.81426
82.61,47.83718
82.6,47.95678
82.59,48.06019
82.58,48.09383
82.57,48.12298
82.56,48.12547
82.55,48.13096
82.54,48.13644
82.53,48.18876
82.52,48.22813
82.51,48.27847
82.5,48.28594
82.49,48.4347
82.48,48.55555
82.47,48.55604
82.46,48.60613
82.45,48.69708
82.44,48.72149
82.43,48.79899
82.42,48.90513
82.41,48.93055
82.4,48.96319
82.39,48.99633
82.38,49.05987
82.37,49.10248
82.36,49.24152
82.35,49.29559
82.34,49.34169
82.33,49.34243
82.32,49.34368
82.31,49.46478
82.3,49.47973
82.29,49.52931
82.28,49.63571
82.27,49.70548
82.26,49.76154
82.25,49.88389
82.24,49.88962
82.23,49.91877
82.22,49.97558
82.21,50.00673
82.2,50.03439
82.19,50.06578
82.18,50.08497
82.17,50.17417
82.16,50.29353
82.15,50.35931
82.14,50.40092
82.13,50.48763
82.12,50.49511
82.11,50.5432
82.1,50.71238
82.09,50.76272
82.08,50.87534
82.07,50.96604
82.06,51.05774
82.05,51.07493
82.04,51.11829
82.03,51.16139
82.02,51.27751
82.01,51.30616
82,51.30841
81.99,51.31962
81.98,51.33681
81.97,51.35052
81.96,51.44769
81.95,51.49504
81.94,51.5501
81.93,51.55758
81.92,51.61265
81.91,51.6403
81.9,51.69238
81.88,51.73972
81.87,51.74097
81.86,51.75642
81.85,51.80924
81.84,51.83192
81.83,51.87278
81.82,51.92287
81.81,52.06365
81.8,52.06489
81.79,52.11822
81.78,52.24255
81.77,52.28093
81.76,52.31656
81.75,52.40502
81.74,52.45834
81.73,52.62528
81.72,52.66814
81.71,52.67088
81.7,52.67163
81.69,52.71972
81.68,52.72171
81.67,52.80544
81.66,52.92155
81.65,52.9654
81.64,52.9669
81.63,53.10718
81.62,53.14481
81.61,53.16699
81.6,53.16823
81.59,53.17222
81.58,53.25245
81.57,53.34116
81.56,53.40021
81.55,53.50362
81.54,53.55271
81.53,53.58609
81.52,53.63668
81.51,53.68502
81.5,53.76749
81.49,53.77696
81.48,53.85121
81.47,53.89557
81.46,53.97705
81.45,53.97754
81.44,54.01567
81.43,54.05454
81.42,54.10512
81.41,54.11733
81.4,54.18336
81.39,54.22996
81.38,54.2768
81.37,54.29773
81.36,54.35629
81.35,54.40114
81.34,54.44175
81.33,54.47639
81.32,54.50106
81.31,54.59898
81.3,54.66227
81.29,54.76418
81.28,54.82772
81.27,54.82972
81.26,54.91045
81.25,54.92241
81.24,54.97498
81.23,55.04475
81.22,55.04799
81.21,55.06444
81.2,55.07415
81.19,55.1043
81.18,55.2249
81.17,55.3019
81.16,55.35547
81.15,55.45389
81.14,55.57076
81.13,55.61112
81.12,55.61461
81.11,55.61635
81.1,55.69185
81.09,55.69659
81.08,55.71154
81.07,55.78056
81.06,55.83014
81.05,55.98762
81.04,56.01254
81.03,56.11395
81.02,56.17575
81.01,56.30357
81,56.30407
80.99,56.38131
80.98,56.41121
80.97,56.42617
80.96,56.48073
80.95,56.48547
80.94,56.49419
80.93,56.56819
80.92,56.74162
80.91,56.74909
80.9,56.80914
80.89,56.90807
80.88,57.02343
80.87,57.10117
80.86,57.10392
80.85,57.11662
80.84,57.18689
80.83,57.22078
80.82,57.23099
80.81,57.25093
80.8,57.25915
80.79,57.2599
80.78,57.26563
80.77,57.30948
80.76,57.32618
80.75,57.40193
80.74,57.46447
80.73,57.52203
80.72,57.53872
80.7,57.53972
80.69,57.56464
80.68,57.61098
80.67,57.67253
80.66,57.71264
80.65,57.82328
80.64,57.83623
80.63,57.91323
80.62,57.97178
80.61,57.98499
80.6,57.98599
80.59,57.99147
80.58,58.0271
80.57,58.0281
80.56,58.1031
80.55,58.14371
80.54,58.22893
80.53,58.2521
80.52,58.2967
80.51,58.37071
80.5,58.49829
80.49,58.52744
80.48,58.66423
80.47,58.72952
80.46,58.74895
80.45,58.76341
80.44,58.87429
80.43,58.87653
80.42,58.90469
80.41,58.90494
80.4,58.90568
80.39,59.00186
80.38,59.08584
80.37,59.17479
80.36,59.2326
80.35,59.24207
80.34,59.32753
80.33,59.38783
80.32,59.40104
80.31,59.40901
80.3,59.59888
80.29,59.63127
80.28,59.72073
80.27,59.72471
80.26,59.82937
80.25,59.87621
80.24,59.87671
80.23,59.92131
80.22,59.98186
80.21,60.01425
80.2,60.0738
80.19,60.17821
80.18,60.17846
80.17,60.24872
80.16,60.29457
80.15,60.31052
80.14,60.3322
80.13,60.34715
80.12,60.37082
80.11,60.41069
80.1,60.4817
80.09,60.56094
80.08,60.64865
80.07,60.72066
80.06,60.72365
80.05,60.75006
80.04,60.81983
80.03,60.82282
80.02,60.89358
80.01,60.92448
80,60.98951
79.99,61.01543
79.98,61.11809
79.97,61.18835
79.96,61.28404
79.95,61.28802
79.94,61.34409
79.93,61.43354
79.92,61.43479
79.91,61.46967
79.9,61.46992
79.89,61.4769
79.88,61.59226
79.87,61.62192
79.86,61.63313
79.85,61.63437
79.84,61.63886
79.83,61.71959
79.82,61.80381
79.81,61.8514
79.8,61.85639
79.79,61.95182
79.78,61.95581
79.77,62.08114
79.76,62.12051
79.75,62.12599
79.74,62.23339
79.73,62.24161
79.72,62.32832
79.71,62.33231
79.7,62.38762
79.69,62.41653
79.68,62.4554
79.67,62.54709
79.66,62.60814
79.65,62.62982
79.64,62.64028
79.63,62.67318
79.62,62.67691
79.61,62.72226
79.6,62.79502
79.59,62.82492
79.57,63.07285
79.56,63.0736
79.55,63.0883
79.54,63.09478
79.53,63.1319
79.52,63.15906
79.51,63.21263
79.5,63.25375
79.49,63.34719
79.48,63.44835
79.46,63.53706
79.45,63.56173
79.44,63.60259
79.43,63.6158
79.42,63.71995
79.41,63.78872
79.4,63.79246
79.39,63.84553
79.38,63.85226
79.37,63.89312
79.36,63.96538
79.35,63.96962
79.34,63.98382
79.33,64.03366
79.32,64.09172
79.31,64.11763
79.3,64.16946
79.29,64.21032
79.28,64.31298
79.27,64.36257
79.26,64.42187
79.25,64.42312
79.24,64.42611
79.23,64.47245
79.22,64.4732
79.2,64.47868
79.19,64.48317
79.18,64.54695
79.17,64.61548
79.16,64.71216
79.15,64.758
79.14,64.7732
79.13,64.79962
79.12,64.84197
79.11,64.8492
79.1,64.86515
79.09,64.90277
79.08,64.90327
79.07,64.94189
79.06,65.01764
79.05,65.11183
79.04,65.14597
79.03,65.14621
79.02,65.25261
79.01,65.38716
79,65.43376
78.99,65.46715
78.98,65.47986
78.97,65.52944
78.96,65.6169
78.95,65.68991
78.94,65.7684
78.93,65.76915
78.92,65.83891
78.91,65.95329
78.9,65.95727
78.89,66.00113
78.88,66.05121
78.86,66.08759
78.85,66.11749
78.84,66.12247
78.83,66.12322
78.82,66.16234
78.81,66.25653
78.8,66.2964
78.79,66.32405
78.78,66.36542
78.76,66.38012
78.75,66.42896
78.74,66.48004
78.73,66.49449
78.72,66.50296
78.71,66.56077
78.7,66.62182
78.69,66.66467
78.68,66.71775
78.67,66.74142
78.66,66.85404
78.65,66.87398
78.64,66.91335
78.63,66.98262
78.62,67.03146
78.61,67.11069
78.6,67.15529
78.59,67.24475
78.58,67.26942
78.57,67.31003
78.56,67.36385
78.55,67.4092
78.54,67.45031
78.53,67.48221
78.52,67.53105
78.51,67.55596
78.5,67.56842
78.49,67.5749
78.48,67.6945
78.47,67.69675
78.46,67.70372
78.45,67.75007
78.44,67.81461
78.43,67.82931
78.42,67.89384
78.41,67.91079
78.4,67.95165
78.39,68.02989
78.38,68.07848
78.36,68.09044
78.35,68.20307
78.34,68.27408
78.33,68.27458
78.32,68.32068
78.31,68.35406
78.3,68.36279
78.29,68.37749
78.28,68.42059
78.27,68.42383
78.26,68.47716
78.25,68.50058
78.24,68.55166
78.23,68.66279
78.22,68.71836
78.21,68.76022
78.2,68.76769
78.19,68.79809
78.18,68.82301
78.17,68.84867
78.16,68.86163
78.15,68.9005
78.14,68.95457
78.13,68.96778
78.12,68.97326
78.11,69.0059
78.1,69.04153
78.09,69.04826
78.08,69.1858
78.07,69.20125
78.06,69.26305
78.05,69.29818
78.04,69.33431
78.03,69.37343
78.02,69.38514
78.01,69.40757
78,69.48282
77.99,69.49453
77.98,69.59719
77.97,69.65774
77.96,69.67717
77.94,69.67742
77.92,69.70458
77.91,69.78531
77.9,69.82618
77.89,69.84063
77.88,69.86779
77.87,69.86854
77.86,69.92709
77.85,69.95874
77.84,69.96472
77.83,70.03573
77.82,70.2251
77.81,70.2403
77.8,70.28939
77.79,70.37585
77.78,70.39653
77.77,70.49546
77.76,70.53183
77.75,70.54205
77.74,70.55451
77.73,70.59911
77.72,70.63873
77.71,70.64197
77.7,70.67486
77.69,70.70576
77.68,70.71996
77.67,70.72071
77.66,70.76656
77.65,70.87295
77.64,70.90983
77.63,71.04762
77.62,71.05011
77.61,71.07503
77.6,71.13309
77.59,71.1737
77.58,71.18018
77.57,71.20261
77.56,71.3115
77.55,71.32296
77.54,71.37279
77.53,71.37852
77.52,71.38301
77.51,71.41565
77.5,71.48891
77.49,71.54397
77.48,71.56765
77.47,71.58035
77.46,71.58484
77.45,71.59032
77.44,71.61474
77.43,71.64987
77.42,71.66881
77.41,71.72313
77.4,71.78243
77.39,71.78443
77.38,71.78492
77.37,71.80212
77.36,71.85768
77.35,71.88459
77.34,71.89082
77.33,71.92845
77.32,71.95486
77.31,72.07372
77.3,72.0792
77.29,72.11383
77.28,72.11707
77.27,72.13127
77.26,72.21151
77.25,72.24066
77.24,72.2454
77.23,72.26059
77.22,72.36649
77.21,72.37845
77.2,72.44199
77.19,72.51027
77.18,72.51276
77.17,72.59723
77.16,72.63734
77.15,72.65827
77.14,72.65952
77.13,72.66002
77.12,72.80279
77.11,72.8175
77.1,72.84989
77.09,72.85288
77.08,72.88602
77.07,72.95878
77.06,73.03752
77.05,73.07564
77.04,73.17307
77.03,73.21567
77.02,73.22589
77.01,73.23436
77,73.25131
76.99,73.25679
76.98,73.29865
76.97,73.32905
76.96,73.39682
76.95,73.43096
76.94,73.44566
76.93,73.4494
76.92,73.49649
76.91,73.51518
76.9,73.55829
76.89,73.59292
76.88,73.59541
76.87,73.59566
76.86,73.60937
76.85,73.61111
76.84,73.66742
76.83,73.66942
76.82,73.70929
76.81,73.85854
76.8,73.89367
76.79,73.89666
76.78,73.90638
76.77,73.92856
76.76,73.98362
76.75,74.03944
76.74,74.06137
76.73,74.06809
76.72,74.11594
76.71,74.14185
76.7,74.16477
76.69,74.21486
76.68,74.22582
76.67,74.26444
76.66,74.42317
76.65,74.45157
76.64,74.47948
76.63,74.51112
76.62,74.55872
76.61,74.77001
76.6,74.77126
76.59,74.77325
76.58,74.80789
76.57,74.81337
76.56,74.81362
76.55,74.83654
76.54,74.89136
76.53,74.90432
76.52,74.91927
76.51,74.95739
76.5,74.96761
76.49,75.02417
76.47,75.02467
76.46,75.06678
76.45,75.10091
76.44,75.14253
76.43,75.17891
76.42,75.28306
76.41,75.28331
76.4,75.28954
76.39,75.29203
76.38,75.34809
76.37,75.39718
76.36,75.40192
76.35,75.44751
76.34,75.48539
76.33,75.53846
76.32,75.61496
76.31,75.65657
76.3,75.67003
76.29,75.74478
76.28,75.82327
76.27,75.89428
76.26,75.91147
76.24,75.95209
76.23,75.95508
76.22,75.96629
76.21,75.96729
76.2,75.9795
76.19,75.98398
76.18,75.98498
76.17,76.05599
76.16,76.09736
76.15,76.09786
76.14,76.0996
76.13,76.10533
76.12,76.15791
76.11,76.18507
76.1,76.22742
76.09,76.25458
76.08,76.27053
76.07,76.27502
76.06,76.3408
76.05,76.41954
76.04,76.4599
76.03,76.54039
76.02,76.55185
76.01,76.6104
76,76.6403
75.99,76.69861
75.98,76.71007
75.97,76.71306
75.96,76.71356
75.95,76.71531
75.94,76.72029
75.93,76.75492
75.92,76.81049
75.91,76.82021
75.89,76.8232
75.88,76.82345
75.87,76.86929
75.86,76.91464
75.85,76.92187
75.84,76.98641
75.83,76.99338
75.82,77.01406
75.81,77.01979
75.8,77.06788
75.79,77.11373
75.78,77.12345
75.77,77.23956
75.76,77.27395
75.75,77.27794
75.74,77.27943
75.73,77.2904
75.72,77.30784
75.71,77.3335
75.7,77.43317
75.69,77.43342
75.68,77.43492
75.67,77.45734
75.66,77.49497
75.65,77.59987
75.64,77.64023
75.63,77.64073
75.62,77.67761
75.61,77.6948
75.6,77.71349
75.59,77.79323
75.58,77.80892
75.57,77.87122
75.56,77.91457
75.55,77.9218
75.54,77.96092
75.53,77.96466
75.52,77.99531
75.51,78.0566
75.5,78.0885
75.49,78.14032
75.47,78.16474
75.46,78.30453
75.45,78.33468
75.44,78.34614
75.43,78.36109
75.42,78.43111
75.41,78.44481
75.4,78.4645
75.39,78.47123
75.38,78.47297
75.37,78.53825
75.36,78.54
75.35,78.54548
75.34,78.57538
75.33,78.60852
75.32,78.6145
75.31,78.66683
75.3,78.66732
75.29,78.66782
75.28,78.66807
75.27,78.7042
75.26,78.75678
75.25,78.78618
75.24,78.82505
75.23,78.83128
75.22,78.83377
75.21,78.88186
75.19,78.92746
75.16,78.97231
75.15,78.9763
75.14,79.0351
75.13,79.04906
75.12,79.17763
75.11,79.18436
75.1,79.19009
75.09,79.29898
75.08,79.3523
75.07,79.35753
75.06,79.35928
75.05,79.38619
75.04,79.41011
75.03,79.47415
75.02,79.50454
75.01,79.5317
75,79.53644
74.99,79.55662
74.98,79.58204
74.97,79.61343
74.96,79.65006
74.95,79.68544
74.94,79.75098
74.93,79.79807
74.92,79.80654
74.91,79.8479
74.9,79.87781
74.89,79.88703
74.88,79.89575
74.87,79.97623
74.85,79.99965
74.84,80.02581
74.83,80.07565
74.82,80.10729
74.81,80.10829
74.8,80.12499
74.78,80.12698
74.77,80.12798
74.76,80.16934
74.75,80.17656
74.73,80.19824
74.72,80.22889
74.71,80.23088
74.7,80.23188
74.69,80.33902
74.68,80.38163
74.67,80.38587
74.66,80.40082
74.65,80.45315
74.64,80.47532
74.63,80.49301
74.62,80.53587
74.61,80.53811
74.6,80.56627
74.59,80.5882
74.58,80.6034
74.57,80.61112
74.56,80.62931
74.55,80.69385
74.54,80.7215
74.53,80.7691
74.52,80.78205
74.51,80.7823
74.5,80.80572
74.49,80.85157
74.47,80.95448
74.46,80.99784
74.45,81.01727
74.44,81.08928
74.43,81.1451
74.42,81.17226
74.41,81.17276
74.4,81.19942
74.39,81.2059
74.38,81.20764
74.37,81.21113
74.36,81.22857
74.35,81.24676
74.34,81.25299
74.33,81.26445
74.32,81.27043
74.31,81.3088
74.3,81.3093
74.29,81.33148
74.28,81.39552
74.27,81.42193
74.26,81.43588
74.25,81.4466
74.24,81.48098
74.23,81.4897
74.22,81.49269
74.21,81.52608
74.2,81.5672
74.19,81.57791
74.18,81.61778
74.17,81.68854
74.16,81.7162
74.15,81.74934
74.14,81.79594
74.13,81.88564
74.12,81.89685
74.11,81.8971
74.1,81.89959
74.09,81.90009
74.08,81.90059
74.07,81.93149
74.06,81.95018
74.05,81.96762
74.04,81.96961
74.03,81.98705
74.02,81.9878
74.01,82.05558
74,82.05906
73.99,82.07252
73.98,82.1094
73.97,82.15774
73.96,82.17667
73.95,82.19461
73.94,82.21206
73.93,82.22327
73.92,82.24221
73.91,82.29927
73.9,82.33041
73.89,82.33739
73.88,82.36754
73.87,82.39769
73.86,82.48889
73.85,82.49088
73.83,82.50508
73.82,82.5148
73.81,82.51605
73.8,82.5452
73.79,82.58457
73.78,82.60774
73.77,82.66082
73.76,82.67527
73.75,82.67925
73.73,82.68075
73.72,82.72436
73.71,82.757
73.7,82.76397
73.69,82.79313
73.68,82.85866
73.67,82.86389
73.65,82.94338
73.64,82.9506
73.63,82.97104
73.62,83.04977
73.61,83.05227
73.6,83.05949
73.59,83.08466
73.58,83.10634
73.57,83.13101
73.56,83.133
73.55,83.13449
73.54,83.22494
73.53,83.25933
73.52,83.28101
73.51,83.2997
73.5,83.36996
73.49,83.3732
73.48,83.38068
73.47,83.40086
73.46,83.46739
73.45,83.47362
73.44,83.52744
73.43,83.53466
73.42,83.58151
73.41,83.6144
73.4,83.6149
73.39,83.64256
73.38,83.68741
73.37,83.71606
73.36,83.73176
73.35,83.77487
73.34,83.78309
73.33,83.81125
73.32,83.81822
73.31,83.82993
73.3,83.83268
73.28,83.83367
73.24,83.94231
73.23,83.94306
73.22,83.94804
73.21,83.95377
73.2,83.95975
73.19,83.96897
73.18,83.98143
73.17,83.99912
73.16,84.00137
73.15,84.02728
73.14,84.03176
73.13,84.06167
73.12,84.0664
73.11,84.09929
73.1,84.12595
73.09,84.13592
73.08,84.16831
73.07,84.17653
73.06,84.19896
73.05,84.20942
73.04,84.25876
73.03,84.27346
73.02,84.28517
73.01,84.28742
73,84.30386
72.99,84.34796
72.98,84.37836
72.97,84.40702
72.96,84.43019
72.95,84.45112
72.94,84.45411
72.93,84.45611
72.92,84.46084
72.91,84.52139
72.9,84.5478
72.89,84.61757
72.88,84.61981
72.87,84.65594
72.86,84.66043
72.85,84.66167
72.84,84.69531
72.83,84.7292
72.82,84.74116
72.81,84.7434
72.8,84.76533
72.79,84.78003
72.78,84.81367
72.77,84.82413
72.76,84.85653
72.75,84.91085
72.74,84.92056
72.73,84.93178
72.72,85.02522
72.71,85.03718
72.7,85.04341
72.69,85.06359
72.68,85.07804
72.67,85.10645
72.65,85.11467
72.64,85.12015
72.63,85.13062
72.62,85.17298
72.61,85.25769
72.6,85.26442
72.59,85.27389
72.58,85.3155
72.57,85.32098
72.56,85.37879
72.55,85.37979
72.54,85.4052
72.52,85.4062
72.5,85.4224
72.49,85.43585
72.48,85.48992
72.47,85.53228
72.46,85.53328
72.45,85.53453
72.44,85.55471
72.43,85.57215
72.42,85.62049
72.41,85.66733
72.4,85.66858
72.39,85.72689
72.38,85.72739
72.37,85.77847
72.36,85.78469
72.35,85.80936
72.34,85.81185
72.33,85.81484
72.32,85.81684
72.31,85.81908
72.3,85.84948
72.29,85.85122
72.28,85.88511
72.27,85.89109
72.26,85.90704
72.25,85.92797
72.24,86.02166
72.23,86.05854
72.22,86.06776
72.21,86.07224
72.2,86.08769
72.19,86.09591
72.18,86.10015
72.17,86.10787
72.16,86.12531
72.15,86.20056
72.14,86.22698
72.13,86.23121
72.12,86.25738
72.11,86.26934
72.1,86.33013
72.09,86.35181
72.08,86.35281
72.07,86.35505
72.06,86.36552
72.05,86.39841
72.04,86.42906
72.03,86.43105
72.02,86.445
72.01,86.44525
72,86.45248
71.99,86.47939
71.98,86.48362
71.97,86.49384
71.96,86.50057
71.95,86.51452
71.93,86.53919
71.92,86.55962
71.91,86.55987
71.9,86.57034
71.89,86.63961
71.88,86.65032
71.87,86.68371
71.85,86.71261
71.84,86.73529
71.83,86.78936
71.82,86.79434
71.81,86.80207
71.8,86.81901
71.79,86.82499
71.78,86.83147
71.77,86.8529
71.75,86.89077
71.74,86.89127
71.73,86.92167
71.72,86.94235
71.71,86.99817
71.69,87.01536
71.68,87.04252
71.67,87.04451
71.66,87.09111
71.65,87.14069
71.64,87.14294
71.63,87.14443
71.62,87.16162
71.61,87.16237
71.6,87.16611
71.59,87.19177
71.58,87.21819
71.57,87.2598
71.56,87.27873
71.55,87.31212
71.54,87.31437
71.53,87.35075
71.52,87.36869
71.51,87.36943
71.5,87.37242
71.49,87.3789
71.48,87.43671
71.47,87.44817
71.46,87.48231
71.45,87.50673
71.44,87.51545
71.43,87.54834
71.42,87.59792
71.41,87.60216
71.39,87.61138
71.38,87.61337
71.37,87.62309
71.36,87.64776
71.35,87.65922
71.34,87.65947
71.33,87.70856
71.32,87.71304
71.31,87.71578
71.3,87.72625
71.29,87.73073
71.28,87.73123
71.27,87.74494
71.26,87.74818
71.25,87.74843
71.24,87.76014
71.23,87.76039
71.22,87.78231
71.21,87.82268
71.2,87.8299
71.19,87.83265
71.18,87.86379
71.17,87.88049
71.16,87.88198
71.15,87.8902
71.13,87.89095
71.12,87.92185
71.11,87.92235
71.1,87.96321
71.09,87.9677
71.08,87.97268
71.07,87.99785
71.06,88.0417
71.05,88.04693
71.04,88.05316
71.03,88.05391
71.02,88.10624
71.01,88.18996
70.99,88.19145
70.98,88.24129
70.97,88.24179
70.96,88.25051
70.95,88.26621
70.94,88.29362
70.93,88.30408
70.92,88.3275
70.91,88.34644
70.9,88.3746
70.89,88.40475
70.88,88.43515
70.87,88.48124
70.86,88.48324
70.85,88.50965
70.84,88.52834
70.83,88.53182
70.82,88.56148
70.81,88.57668
70.8,88.57792
70.79,88.57817
70.78,88.63498
70.77,88.65018
70.76,88.65541
70.75,88.67659
70.73,88.67859
70.72,88.69752
70.71,88.70948
70.69,88.73789
70.68,88.77302
70.67,88.8256
70.66,88.82585
70.65,88.85924
70.64,88.86148
70.63,88.86198
70.62,88.86422
70.61,88.86771
70.6,88.87718
70.59,88.89636
70.58,88.91605
70.57,88.92004
70.56,88.92527
70.55,88.94545
70.54,88.95193
70.51,88.95243
70.5,88.9766
70.49,88.99379
70.48,89.02843
70.47,89.03889
70.46,89.05484
70.45,89.08897
70.44,89.08972
70.43,89.10193
70.42,89.10368
70.41,89.13333
70.4,89.13482
70.39,89.14329
70.38,89.15376
70.37,89.15476
70.36,89.15625
70.35,89.15999
70.34,89.16148
70.33,89.23997
70.32,89.24496
70.31,89.24969
70.3,89.30177
70.29,89.30575
70.28,89.30775
70.27,89.30924
70.26,89.31796
70.25,89.34438
70.24,89.34687
70.23,89.35983
70.22,89.40517
70.21,89.40941
70.2,89.43607
70.19,89.44903
70.18,89.48665
70.17,89.49139
70.16,89.50011
70.15,89.50634
70.13,89.50758
70.12,89.50933
70.11,89.52926
70.1,89.54172
70.09,89.54396
70.08,89.54745
70.07,89.55792
70.06,89.57885
70.05,89.58333
70.04,89.60501
70.03,89.63491
70.02,89.64588
70.01,89.64812
70,89.7433
69.99,89.74405
69.98,89.75352
69.97,89.76025
69.96,89.81731
69.95,89.81855
69.94,89.82528
69.93,89.84596
69.92,89.84945
69.91,89.86141
69.89,89.92445
69.88,89.94588
69.87,89.9688
69.86,89.97055
69.85,89.99372
69.84,90.00369
69.83,90.00668
69.82,90.00693
69.81,90.02437
69.8,90.02512
69.79,90.03284
69.78,90.05676
69.77,90.07047
69.76,90.07196
69.75,90.07221
69.74,90.07395
69.73,90.08442
69.72,90.10485
69.71,90.12728
69.69,90.12952
69.68,90.13376
69.67,90.15743
69.66,90.20377
69.65,90.23816
69.64,90.23891
69.63,90.27205
69.62,90.29198
69.61,90.29447
69.6,90.29946
69.59,90.34182
69.58,90.35328
69.57,90.36374
69.56,90.39339
69.55,90.44373
69.54,90.44447
69.53,90.4512
69.52,90.45893
69.51,90.47587
69.5,90.47612
69.49,90.47761
69.48,90.49605
69.47,90.50178
69.46,90.54589
69.45,90.5708
69.44,90.5718
69.43,90.58077
69.42,90.58451
69.41,90.587
69.4,90.60544
69.39,90.61242
69.38,90.61341
69.37,90.65552
69.36,90.65851
69.35,90.65901
69.34,90.66499
69.33,90.66599
69.32,90.66998
69.31,90.68418
69.3,90.71084
69.29,90.71807
69.28,90.73052
69.27,90.73127
69.26,90.739
69.25,90.74847
69.24,90.75619
69.23,90.75843
69.22,90.80328
69.21,90.80852
69.2,90.81076
69.19,90.81126
69.18,90.83044
69.17,90.83842
69.16,90.86084
69.15,90.87704
69.14,90.9199
69.13,90.94531
69.12,90.95877
69.11,90.96176
69.1,90.9797
69.09,90.98692
69.08,90.98892
69.07,90.99415
69.06,91.01558
69.05,91.02928
69.04,91.03277
69.03,91.06491
69.02,91.10777
69.01,91.1307
69,91.13119
68.99,91.13144
68.98,91.13194
68.97,91.13244
68.96,91.15935
68.95,91.1596
68.94,91.20246
68.93,91.21218
68.92,91.21342
68.91,91.22987
68.9,91.23286
68.89,91.23385
68.88,91.23834
68.87,91.25927
68.86,91.29665
68.85,91.30786
68.84,91.3258
68.83,91.33153
68.82,91.33228
68.81,91.33676
68.8,91.34698
68.79,91.35395
68.77,91.35445
68.76,91.37962
68.75,91.37987
68.74,91.38186
68.73,91.38685
68.72,91.39332
68.71,91.39631
68.7,91.40404
68.69,91.42796
68.68,91.42871
68.66,91.4312
68.65,91.44964
68.64,91.45163
68.63,91.50147
68.62,91.51492
68.61,91.51916
68.6,91.51941
68.59,91.56102
68.58,91.56301
68.57,91.57248
68.56,91.60213
68.55,91.60338
68.54,91.60412
68.53,91.60437
68.52,91.6116
68.51,91.61359
68.5,91.61683
68.49,91.63403
68.48,91.64324
68.47,91.66193
68.46,91.66218
68.45,91.67215
68.44,91.72547
68.43,91.74316
68.42,91.75562
68.41,91.77481
68.4,91.77855
68.38,91.78776
68.37,91.82514
68.36,91.83112
68.35,91.8523
68.34,91.87423
68.33,91.89117
68.32,91.89142
68.31,91.91634
68.3,91.92057
68.29,91.95072
68.28,91.96841
68.27,91.96991
68.26,91.97963
68.25,91.98038
68.23,92.00529
68.22,92.00878
68.21,92.01775
68.2,92.04067
68.19,92.05961
68.18,92.06933
68.17,92.08079
68.16,92.1077
68.15,92.11443
68.14,92.13237
68.13,92.14608
68.12,92.15455
68.11,92.15704
68.1,92.15729
68.09,92.16227
68.08,92.16651
68.07,92.19716
68.06,92.19865
68.05,92.22706
68.04,92.2288
68.03,92.23179
68.02,92.23478
68.01,92.2425
68,92.24649
67.99,92.25646
67.98,92.26294
67.97,92.26319
67.96,92.26368
67.95,92.27789
67.92,92.27814
67.91,92.29458
67.9,92.29757
67.89,92.30031
67.88,92.30903
67.87,92.32573
67.86,92.32598
67.85,92.34242
67.84,92.3783
67.83,92.39325
67.82,92.40397
67.81,92.4097
67.8,92.41119
67.78,92.42914
67.77,92.44085
67.76,92.4563
67.75,92.48719
67.74,92.49816
67.73,92.50638
67.72,92.52482
67.71,92.54351
67.7,92.55223
67.69,92.5592
67.68,92.55945
67.67,92.56394
67.65,92.58337
67.64,92.58636
67.63,92.59484
67.62,92.60106
67.61,92.6048
67.6,92.60779
67.59,92.60854
67.58,92.60954
67.56,92.60979
67.55,92.61826
67.54,92.62822
67.53,92.64691
67.52,92.66884
67.51,92.66909
67.5,92.68155
67.49,92.68429
67.48,92.68678
67.47,92.71668
67.46,92.77499
67.45,92.77623
67.44,92.79891
67.43,92.81411
67.42,92.81735
67.41,92.83055
67.4,92.85123
67.37,92.8622
67.36,92.87939
67.35,92.88886
67.34,92.92524
67.33,92.92922
67.32,92.95564
67.31,92.97134
67.3,92.97557
67.29,92.97682
67.28,92.9813
67.27,92.99002
67.26,92.99077
67.25,92.99625
67.24,93.00323
67.23,93.02815
67.22,93.06054
67.21,93.06278
67.2,93.06303
67.19,93.06428
67.18,93.06652
67.17,93.06926
67.16,93.08795
67.15,93.08845
67.14,93.10215
67.13,93.12258
67.12,93.12458
67.11,93.14177
67.1,93.16594
67.09,93.17915
67.08,93.19684
67.07,93.19733
67.06,93.19883
67.05,93.22076
67.04,93.22798
67.02,93.22898
67.01,93.25664
67,93.26137
66.99,93.2666
66.98,93.26835
66.96,93.27084
66.94,93.27234
66.93,93.27283
66.92,93.29102
66.91,93.32092
66.9,93.32317
66.89,93.33288
66.88,93.36129
66.87,93.36702
66.86,93.36752
66.85,93.38222
66.84,93.38546
66.83,93.39692
66.82,93.39867
66.81,93.40689
66.8,93.41735
66.79,93.4201
66.78,93.42109
66.77,93.42956
66.76,93.43031
66.75,93.43056
66.74,93.4328
66.73,93.44377
66.72,93.45996
66.7,93.46121
66.69,93.48189
66.68,93.48264
66.67,93.48388
66.66,93.52699
66.65,93.53297
66.64,93.54767
66.63,93.55116
66.62,93.5686
66.61,93.58181
66.6,93.58903
66.59,93.59551
66.58,93.60199
66.57,93.60423
66.56,93.61968
66.55,93.6309
66.54,93.63563
66.53,93.64834
66.52,93.65457
66.51,93.67998
66.5,93.68173
66.49,93.68796
66.47,93.69095
66.46,93.69518
66.45,93.69718
66.44,93.69792
66.43,93.72882
66.42,93.74975
66.41,93.76171
66.4,93.76221
66.39,93.76669
66.37,93.78513
66.36,93.78887
66.35,93.79211
66.34,93.81429
66.33,93.81478
66.32,93.82425
66.31,93.825
66.3,93.82525
66.29,93.82899
66.28,93.83248
66.27,93.83273
66.26,93.83322
66.25,93.83497
66.24,93.84518
66.23,93.85241
66.22,93.85515
66.21,93.8559
66.2,93.85665
66.19,93.87608
66.18,93.8843
66.17,93.89826
66.16,93.9015
66.15,93.90299
66.14,93.90424
66.13,93.90449
66.12,93.92168
66.11,93.93538
66.1,93.9598
66.09,93.96404
66.08,93.96852
66.07,93.97176
66.06,93.98323
66.05,93.98721
66.04,93.98746
66.03,94.00939
66.01,94.01487
66,94.01761
65.99,94.02683
65.98,94.10183
65.97,94.10208
65.96,94.11329
65.95,94.12949
65.94,94.14843
65.92,94.19851
65.91,94.19976
65.89,94.203
65.88,94.20449
65.87,94.21097
65.86,94.2162
65.85,94.22941
65.83,94.25433
65.82,94.25582
65.81,94.26853
65.8,94.27227
65.78,94.28871
65.77,94.29021
65.76,94.29145
65.75,94.29369
65.74,94.3074
65.73,94.3084
65.72,94.31911
65.71,94.32559
65.7,94.34951
65.69,94.35001
65.67,94.353
65.66,94.35325
65.65,94.36571
65.63,94.36645
65.62,94.37667
65.61,94.39411
65.6,94.40931
65.59,94.41405
65.58,94.42625
65.57,94.4442
65.56,94.44943
65.55,94.45167
65.54,94.45815
65.53,94.46961
65.52,94.47036
65.51,94.47136
65.5,94.48157
65.49,94.48182
65.48,94.4893
65.47,94.49004
65.46,94.50425
65.45,94.51347
65.44,94.52792
65.43,94.53813
65.42,94.54511
65.41,94.54611
65.4,94.55657
65.39,94.57426
65.38,94.58323
65.37,94.58373
65.36,94.58398
65.35,94.59943
65.34,94.60068
65.33,94.60342
65.32,94.60441
65.31,94.61413
65.29,94.64378
65.28,94.65774
65.27,94.67194
65.26,94.67618
65.25,94.68963
65.24,94.69113
65.23,94.69137
65.19,94.69412
65.18,94.70109
65.17,94.70134
65.16,94.72576
65.15,94.72651
65.14,94.72701
65.13,94.72726
65.12,94.73149
65.11,94.73299
65.1,94.74993
65.09,94.78382
65.08,94.78756
65.07,94.79229
65.06,94.79777
65.05,94.79827
65.03,94.8045
65.02,94.805
65.01,94.85483
65,94.85732
64.99,94.87801
64.98,94.88772
64.97,94.89943
64.96,94.90242
64.95,94.90292
64.94,94.90417
64.93,94.90741
64.92,94.91713
64.91,94.9251
64.89,94.93133
64.88,94.93432
64.87,94.93581
64.86,94.94105
64.85,94.94777
64.84,94.95301
64.82,94.97668
64.81,94.99462
64.8,94.99786
64.79,95.0001
64.78,95.00533
64.77,95.00583
64.76,95.00782
64.75,95.01779
64.74,95.02477
64.73,95.02527
64.72,95.02552
64.71,95.04395
64.7,95.0447
64.69,95.07012
64.68,95.08008
64.67,95.08033
64.66,95.0893
64.65,95.08955
64.64,95.1212
64.63,95.12195
64.62,95.12394
64.61,95.12867
64.6,95.12942
64.59,95.13141
64.58,95.14063
64.57,95.14088
64.56,95.15808
64.55,95.15832
64.54,95.16306
64.53,95.17153
64.52,95.17228
64.51,95.17901
64.5,95.17975
64.49,95.19495
64.48,95.1952
64.47,95.19545
64.45,95.19994
64.44,95.20093
64.43,95.21165
64.42,95.2119
64.41,95.21215
64.4,95.23557
64.39,95.23681
64.38,95.23856
64.36,95.23931
64.35,95.25899
64.34,95.25924
64.33,95.26846
64.31,95.27843
64.3,95.28291
64.29,95.28341
64.28,95.28665
64.27,95.29985
64.26,95.30932
64.25,95.31157
64.24,95.31555
64.23,95.32901
64.22,95.35318
64.2,95.35592
64.19,95.35642
64.18,95.35716
64.17,95.35766
64.16,95.36838
64.13,95.38881
64.12,95.40027
64.11,95.41796
64.1,95.43217
64.09,95.43291
64.08,95.4374
64.07,95.43889
64.06,95.44712
64.05,95.44786
64.04,95.44811
64.03,95.4516
64.02,95.46356
64.01,95.46555
64,95.46879
63.99,95.47876
63.98,95.47926
63.97,95.47951
63.96,95.481
63.95,95.482
63.93,95.50144
63.91,95.50268
63.9,95.50916
63.89,95.50941
63.88,95.50966
63.87,95.51315
63.86,95.51539
63.85,95.51888
63.84,95.53433
63.83,95.53482
63.82,95.53956
63.81,95.55326
63.8,95.56248
63.79,95.57793
63.78,95.59562
63.77,95.59811
63.75,95.59836
63.74,95.60385
63.73,95.60908
63.72,95.63574
63.71,95.65792
63.7,95.65841
63.69,95.66165
63.68,95.66415
63.67,95.66863
63.66,95.67062
63.65,95.67511
63.64,95.67561
63.63,95.68233
63.62,95.68308
63.61,95.68333
63.6,95.70227
63.59,95.71348
63.58,95.72395
63.57,95.73466
63.56,95.75858
63.54,95.75883
63.53,95.75958
63.51,95.76257
63.5,95.77802
63.49,95.83483
63.48,95.83508
63.47,95.84056
63.46,95.84081
63.45,95.84355
63.44,95.85078
63.42,95.85102
63.41,95.85277
63.4,95.86996
63.39,95.87818
63.38,95.89612
63.37,95.91232
63.36,95.92453
63.35,95.93898
63.34,95.94646
63.33,95.94671
63.32,95.94696
63.31,95.94745
63.3,95.9477
63.29,95.94995
63.28,95.95119
63.27,95.95144
63.26,95.95219
63.25,95.95518
63.24,95.95692
63.22,95.97362
63.21,95.98408
63.2,95.98533
63.18,96.00152
63.17,96.00576
63.16,96.01822
63.15,96.01872
63.14,96.02071
63.13,96.03217
63.12,96.03741
63.11,96.05211
63.1,96.05236
63.09,96.06033
63.06,96.0683
63.05,96.0688
63.04,96.07179
63.03,96.07379
63.02,96.07453
63.01,96.08101
63,96.08126
62.99,96.0855
62.98,96.08998
62.97,96.09247
62.95,96.09671
62.94,96.10717
62.93,96.12312
62.92,96.12387
62.9,96.13458
62.89,96.14106
62.86,96.14131
62.85,96.14281
62.84,96.1453
62.82,96.14654
62.81,96.14729
62.8,96.1605
62.79,96.16299
62.78,96.16473
62.77,96.17196
62.76,96.1732
62.75,96.1904
62.74,96.1909
62.73,96.19613
62.72,96.19663
62.7,96.20734
62.69,96.20884
62.68,96.21033
62.67,96.21357
62.66,96.24223
62.65,96.2512
62.64,96.25219
62.63,96.26365
62.62,96.2664
62.61,96.27238
62.6,96.27437
62.59,96.29904
62.58,96.30676
62.57,96.30925
62.56,96.311
62.55,96.31274
62.54,96.32221
62.53,96.32271
62.51,96.32395
62.5,96.32445
62.49,96.32869
62.46,96.34464
62.45,96.34887
62.44,96.34962
62.43,96.35111
62.42,96.35136
62.41,96.3541
62.4,96.35485
62.39,96.36357
62.38,96.36407
62.36,96.38226
62.35,96.38251
62.34,96.3992
62.33,96.42113
62.32,96.42163
62.31,96.42238
62.3,96.42686
62.29,96.42786
62.26,96.42811
62.25,96.44406
62.24,96.44455
62.23,96.45352
62.22,96.46673
62.21,96.47072
62.2,96.47296
62.19,96.47869
62.18,96.48019
62.17,96.48467
62.16,96.49514
62.15,96.5061
62.14,96.50635
62.11,96.51058
62.1,96.5208
62.09,96.53475
62.08,96.54771
62.07,96.5512
62.05,96.55843
62.04,96.55892
62.02,96.56291
62.01,96.56316
62,96.56565
61.99,96.56665
61.97,96.5669
61.96,96.5674
61.95,96.56939
61.94,96.57437
61.93,96.5801
61.92,96.58135
61.91,96.59231
61.9,96.59256
61.89,96.59281
61.88,96.59331
61.87,96.60751
61.86,96.61125
61.85,96.62147
61.83,96.62246
61.81,96.63891
61.8,96.64015
61.79,96.64314
61.78,96.64987
61.77,96.65062
61.76,96.65386
61.75,96.6566
61.74,96.66333
61.73,96.66383
61.72,96.66482
61.71,96.68376
61.69,96.69223
61.68,96.69248
61.67,96.69423
61.66,96.69447
61.65,96.69522
61.64,96.69572
61.62,96.70245
61.61,96.70594
61.6,96.70967
61.59,96.71889
61.57,96.73609
61.56,96.73908
61.55,96.74057
61.54,96.75452
61.53,96.75552
61.52,96.78019
61.51,96.78193
61.5,96.78318
61.49,96.79938
61.48,96.80411
61.47,96.8066
61.45,96.8071
61.44,96.80735
61.43,96.8076
61.42,96.81682
61.41,96.8208
61.4,96.8218
61.38,96.82205
61.37,96.8223
61.36,96.82778
61.35,96.83252
61.34,96.83501
61.33,96.84248
61.32,96.84398
61.31,96.84423
61.3,96.84647
61.29,96.85494
61.28,96.87139
61.27,96.87213
61.26,96.87936
61.24,96.88086
61.23,96.8821
61.22,96.90278
61.2,96.91275
61.19,96.91375
61.16,96.91449
61.15,96.92222
61.14,96.93268
61.13,96.93717
61.11,96.94664
61.1,96.94988
61.09,96.95062
61.08,96.95511
61.07,96.96358
61.06,96.96433
61.05,96.96607
61.03,96.97006
61.02,96.98601
61,96.98626
60.99,97.00146
60.98,97.0037
60.96,97.00519
60.95,97.00594
60.94,97.00818
60.93,97.01566
60.92,97.01989
60.91,97.02164
60.9,97.02189
60.89,97.02637
60.87,97.02961
60.86,97.03235
60.85,97.0336
60.84,97.03509
60.82,97.03584
60.8,97.03609
60.76,97.06524
60.75,97.06649
60.74,97.06798
60.73,97.06898
60.72,97.06998
60.71,97.07147
60.7,97.07446
60.69,97.07496
60.68,97.07895
60.67,97.08019
60.66,97.08717
60.65,97.08742
60.64,97.08767
60.63,97.0934
60.62,97.09689
60.61,97.09739
60.6,97.09863
60.59,97.11084
60.58,97.11308
60.57,97.11657
60.55,97.11906
60.54,97.12953
60.53,97.12978
60.52,97.13426
60.51,97.13975
60.5,97.14
60.49,97.14548
60.47,97.15245
60.46,97.16267
60.45,97.16342
60.44,97.16392
60.43,97.16416
60.41,97.16541
60.4,97.17015
60.39,97.17563
60.38,97.18609
60.37,97.19182
60.36,97.1993
60.35,97.19955
60.34,97.20777
60.33,97.21051
60.31,97.22247
60.3,97.22322
60.29,97.22895
60.27,97.23144
60.26,97.23368
60.25,97.23393
60.24,97.23443
60.23,97.23817
60.22,97.24764
60.2,97.24863
60.18,97.24938
60.17,97.26059
60.16,97.2743
60.15,97.27505
60.14,97.27579
60.13,97.27679
60.11,97.29473
60.1,97.3047
60.08,97.3052
60.07,97.31068
60.05,97.31093
60.04,97.31143
60.03,97.31168
60.02,97.31267
60.01,97.31741
60,97.32862
59.99,97.32937
59.98,97.33609
59.95,97.33659
59.94,97.34257
59.93,97.34282
59.92,97.34656
59.91,97.3493
59.9,97.35129
59.89,97.35702
59.88,97.35802
59.87,97.36674
59.86,97.36849
59.85,97.37397
59.84,97.37422
59.82,97.37895
59.8,97.3797
59.79,97.38194
59.78,97.38219
59.77,97.38244
59.76,97.38394
59.75,97.38618
59.74,97.39913
59.73,97.39963
59.71,97.39988
59.7,97.42081
59.69,97.43551
59.67,97.43576
59.66,97.44025
59.65,97.44972
59.64,97.45022
59.63,97.45096
59.62,97.45445
59.61,97.46467
59.6,97.46766
59.59,97.47364
59.57,97.47862
59.56,97.48261
59.55,97.4851
59.54,97.48535
59.53,97.49083
59.52,97.50005
59.51,97.50105
59.47,97.50354
59.46,97.50553
59.45,97.51226
59.44,97.514
59.43,97.51799
59.42,97.51849
59.41,97.52048
59.4,97.53394
59.39,97.53992
59.37,97.54241
59.36,97.55088
59.32,97.55636
59.28,97.55985
59.27,97.5606
59.26,97.56284
59.25,97.56633
59.23,97.57057
59.22,97.57106
59.21,97.57156
59.2,97.57181
59.19,97.58003
59.17,97.58053
59.16,97.58352
59.15,97.58502
59.14,97.591
59.13,97.59474
59.12,97.59573
59.08,97.59598
59.07,97.59623
59.06,97.60346
59.04,97.61592
59.03,97.61616
59.02,97.62563
59.01,97.62837
59,97.64955
58.99,97.65105
58.98,97.65354
58.97,97.65404
58.96,97.65504
58.95,97.65877
58.93,97.65952
58.92,97.6645
58.91,97.67921
58.89,97.6797
58.88,97.6822
58.87,97.68319
58.86,97.68942
58.85,97.69665
58.84,97.69715
58.83,97.69789
58.82,97.69814
58.81,97.69839
58.8,97.69864
58.79,97.70113
58.78,97.70138
58.77,97.70163
58.76,97.70188
58.75,97.70263
58.74,97.70362
58.72,97.70711
58.71,97.71932
58.7,97.72431
58.69,97.73328
58.68,97.73352
58.67,97.73377
58.65,97.73427
58.63,97.73502
58.62,97.73901
58.59,97.7395
58.57,97.73975
58.56,97.75745
58.55,97.75844
58.54,97.75919
58.53,97.76143
58.51,97.76343
58.5,97.77215
58.48,97.7724
58.46,97.77264
58.45,97.78261
58.44,97.7876
58.43,97.78784
58.41,97.79607
58.4,97.79706
58.39,97.79731
58.38,97.79881
58.37,97.80778
58.36,97.81799
58.35,97.82024
58.34,97.82049
58.33,97.82821
58.31,97.82896
58.3,97.82921
58.29,97.8312
58.28,97.8317
58.27,97.83668
58.26,97.83693
58.23,97.83793
58.22,97.8464
58.21,97.8469
58.2,97.84715
58.19,97.85338
58.18,97.85363
58.17,97.86135
58.16,97.86708
58.15,97.86957
58.14,97.87829
58.13,97.88054
58.09,97.88178
58.08,97.88203
58.07,97.89175
58.06,97.89873
58.05,97.89898
58.04,97.89922
58.03,97.90919
58.02,97.91667
58.01,97.91692
58,97.91841
57.99,97.92514
57.98,97.93411
57.97,97.93511
57.95,97.93585
57.94,97.9361
57.93,97.94632
57.92,97.95155
57.91,97.9518
57.89,97.95404
57.88,97.95529
57.87,97.96675
57.86,97.97248
57.85,97.97746
57.83,97.97846
57.81,97.97946
57.8,97.97971
57.79,97.98095
57.78,97.98419
57.76,97.98619
57.73,97.98644
57.72,97.98668
57.71,97.98893
57.7,97.99042
57.69,97.99541
57.68,97.99615
57.66,97.99914
57.64,98.00163
57.63,98.00213
57.62,98.00288
57.61,98.00363
57.6,98.00438
57.59,98.00612
57.57,98.01384
57.56,98.01559
57.55,98.01733
57.54,98.01758
57.52,98.02531
57.51,98.03328
57.49,98.03627
57.48,98.03652
57.47,98.03702
57.46,98.0415
57.45,98.05072
57.43,98.0582
57.42,98.06368
57.41,98.06642
57.38,98.06692
57.37,98.06841
57.36,98.06941
57.35,98.06966
57.34,98.07514
57.33,98.08012
57.28,98.08212
57.27,98.08361
57.25,98.0871
57.24,98.08785
57.22,98.09458
57.21,98.10031
57.2,98.1018
57.19,98.10205
57.18,98.10255
57.17,98.10305
57.16,98.1033
57.15,98.10429
57.14,98.10454
57.12,98.10479
57.1,98.11227
57.09,98.11277
57.08,98.11301
57.07,98.11551
57.05,98.118
57.04,98.1185
57.03,98.12498
57.02,98.12572
57.01,98.13469
57,98.14167
56.99,98.14242
56.98,98.14267
56.95,98.14316
56.92,98.14341
56.91,98.14541
56.9,98.14566
56.88,98.1489
56.87,98.16709
56.85,98.16808
56.83,98.1783
56.82,98.18129
56.81,98.18627
56.79,98.18652
56.78,98.18802
56.77,98.19574
56.76,98.19599
56.75,98.20097
56.74,98.20147
56.73,98.20222
56.72,98.20247
56.71,98.20272
56.68,98.20944
56.66,98.21592
56.65,98.21617
56.64,98.21642
56.63,98.22514
56.61,98.22689
56.6,98.22714
56.59,98.22739
56.58,98.22938
56.56,98.23013
56.54,98.23087
56.53,98.23611
56.52,98.24034
56.51,98.24134
56.5,98.24159
56.48,98.24258
56.45,98.24433
56.44,98.24458
56.4,98.24508
56.38,98.25554
56.36,98.25903
56.35,98.26501
56.34,98.27224
56.33,98.27273
56.32,98.27348
56.31,98.27498
56.3,98.27597
56.29,98.27647
56.28,98.27946
56.27,98.28071
56.26,98.28146
56.23,98.28644
56.22,98.28694
56.21,98.28918
56.2,98.29092
56.19,98.29167
56.18,98.29192
56.16,98.29217
56.15,98.31011
56.14,98.31061
56.12,98.31086
56.1,98.3131
56.09,98.3136
56.08,98.32406
56.07,98.33702
56.06,98.33727
56.04,98.34151
56.02,98.3445
56.01,98.36119
55.99,98.36393
55.97,98.36941
55.96,98.36991
55.95,98.37689
55.94,98.37714
55.93,98.37813
55.92,98.37988
55.9,98.38162
55.89,98.38187
55.88,98.38237
55.87,98.39632
55.85,98.39657
55.84,98.39732
55.83,98.39757
55.81,98.39782
55.8,98.39907
55.78,98.40779
55.76,98.40828
55.75,98.40853
55.74,98.40878
55.73,98.41003
55.72,98.41028
55.71,98.41252
55.7,98.41302
55.69,98.41476
55.66,98.41501
55.64,98.41601
55.63,98.41626
55.62,98.42049
55.59,98.42124
55.56,98.42174
55.55,98.43146
55.53,98.4342
55.52,98.43445
55.51,98.44142
55.48,98.44865
55.47,98.4489
55.44,98.44965
55.43,98.45015
55.42,98.45039
55.41,98.45289
55.4,98.45314
55.39,98.45388
55.38,98.45438
55.37,98.45463
55.36,98.45588
55.35,98.45662
55.33,98.45986
55.31,98.4798
55.3,98.48054
55.29,98.48403
55.28,98.48578
55.27,98.48628
55.26,98.48652
55.25,98.48727
55.23,98.48752
55.22,98.48777
55.2,98.48852
55.18,98.493
55.17,98.49325
55.16,98.49375
55.15,98.49824
55.14,98.49923
55.13,98.50048
55.12,98.50073
55.1,98.51368
55.09,98.51418
55.08,98.51443
55.06,98.51817
55.05,98.51842
55.04,98.51892
55.03,98.51917
55.02,98.52066
55,98.52091
54.99,98.52241
54.98,98.52265
54.97,98.52315
54.93,98.52515
54.92,98.52739
54.91,98.53586
54.89,98.53611
54.88,98.5386
54.87,98.5391
54.86,98.54084
54.85,98.54109
54.84,98.54134
54.83,98.54184
54.82,98.54209
54.81,98.54608
54.8,98.54732
54.79,98.54757
54.78,98.54832
54.76,98.55953
54.75,98.56601
54.74,98.568
54.71,98.57772
54.7,98.58046
54.69,98.58096
54.65,98.58844
54.64,98.59043
54.62,98.59267
54.61,98.59317
54.6,98.59367
54.59,98.59392
54.58,98.59716
54.55,98.59915
54.53,98.59965
54.51,98.5999
54.5,98.60463
54.46,98.61435
54.45,98.6146
54.44,98.61585
54.43,98.61734
54.41,98.61759
54.4,98.62133
54.39,98.62158
54.38,98.62407
54.37,98.62482
54.35,98.63703
54.34,98.63902
54.33,98.63927
54.31,98.63977
54.3,98.6435
54.29,98.64475
54.28,98.64674
54.27,98.64699
54.24,98.65023
54.23,98.65048
54.22,98.65073
54.21,98.65173
54.19,98.65297
54.17,98.65322
54.16,98.65347
54.15,98.65571
54.14,98.65646
54.13,98.6592
54.12,98.66394
54.11,98.66543
54.09,98.66668
54.08,98.66693
54.06,98.66717
54.05,98.66742
54.04,98.66767
54.03,98.66792
54.02,98.66917
54.01,98.67365
54,98.67415
53.99,98.67938
53.97,98.68362
53.96,98.68387
53.93,98.68512
53.91,98.68935
53.9,98.69658
53.89,98.69708
53.88,98.70156
53.87,98.70331
53.85,98.70704
53.84,98.70729
53.82,98.70804
53.81,98.70879
53.8,98.70904
53.79,98.71502
53.78,98.71551
53.76,98.71776
53.74,98.71801
53.73,98.719
53.71,98.71925
53.7,98.72349
53.69,98.72698
53.68,98.72723
53.66,98.72747
53.65,98.72972
53.64,98.73046
53.63,98.7347
53.61,98.73495
53.59,98.73794
53.56,98.73844
53.55,98.74566
53.52,98.74616
53.51,98.74766
53.5,98.74816
53.49,98.75065
53.48,98.7514
53.47,98.75314
53.46,98.75364
53.45,98.75389
53.43,98.75463
53.42,98.75713
53.41,98.75738
53.4,98.75812
53.38,98.75887
53.37,98.76037
53.35,98.76136
53.34,98.76585
53.33,98.76809
53.32,98.76834
53.31,98.76884
53.3,98.76983
53.29,98.77656
53.28,98.77731
53.27,98.77806
53.26,98.77905
53.25,98.7793
53.24,98.77955
53.22,98.78802
53.21,98.79101
53.2,98.79126
53.19,98.79276
53.18,98.79799
53.14,98.79824
53.13,98.79998
53.12,98.80048
53.09,98.80472
53.07,98.80721
53.06,98.80821
53.05,98.80846
53.03,98.80945
53.01,98.8097
52.99,98.81219
52.98,98.81244
52.96,98.81568
52.93,98.81643
52.9,98.82042
52.88,98.8254
52.87,98.82615
52.86,98.8264
52.85,98.82988
52.83,98.83038
52.81,98.83213
52.8,98.83287
52.79,98.83562
52.78,98.83586
52.77,98.83611
52.75,98.83636
52.74,98.84135
52.73,98.84758
52.72,98.84783
52.71,98.85505
52.7,98.85655
52.69,98.85779
52.68,98.87025
52.66,98.8705
52.65,98.87249
52.64,98.87474
52.62,98.87947
52.61,98.87972
52.59,98.88097
52.58,98.88146
52.56,98.88221
52.55,98.88994
52.54,98.89542
52.52,98.89567
52.51,98.89616
52.5,98.89666
52.46,98.8994
52.45,98.89965
52.44,98.90489
52.43,98.90563
52.41,98.90688
52.39,98.90813
52.37,98.90837
52.36,98.90887
52.33,98.90962
52.32,98.90987
52.31,98.91062
52.3,98.91112
52.29,98.91211
52.27,98.91734
52.25,98.91809
52.23,98.91834
52.22,98.91984
52.17,98.92582
52.13,98.92731
52.1,98.92781
52.07,98.92856
52.06,98.93354
52.05,98.93429
52.04,98.93952
52.03,98.94226
52.02,98.94251
52.01,98.94376
52,98.94401
51.97,98.9445
51.96,98.945
51.93,98.94725
51.92,98.94799
51.91,98.94949
51.89,98.95024
51.88,98.95098
51.87,98.95123
51.85,98.95148
51.84,98.95248
51.83,98.9602
51.81,98.96269
51.8,98.96369
51.78,98.96942
51.76,98.97465
51.72,98.98213
51.7,98.98263
51.68,98.98462
51.67,98.98512
51.65,98.98537
51.64,98.98711
51.63,98.99035
51.62,98.9906
51.6,98.99185
51.58,98.99259
51.53,98.99309
51.52,98.99334
51.51,98.99509
51.5,98.99857
51.49,98.99882
51.48,98.99932
51.45,98.99957
51.44,98.99982
51.43,99.00007
51.41,99.00854
51.4,99.01153
51.39,99.01477
51.38,99.01577
51.35,99.01602
51.34,99.02274
51.32,99.02299
51.29,99.02374
51.28,99.02872
51.26,99.02897
51.24,99.02947
51.21,99.02972
51.2,99.03047
51.18,99.03147
51.16,99.03296
51.14,99.03321
51.13,99.0347
51.12,99.04218
51.11,99.04243
51.1,99.04367
51.09,99.04392
51.07,99.04442
51.05,99.04891
51.03,99.04941
51.02,99.04966
51.01,99.0509
50.98,99.05265
50.97,99.05638
50.96,99.05788
50.95,99.05813
50.93,99.06087
50.92,99.06261
50.91,99.06286
50.9,99.06485
50.84,99.06535
50.81,99.07333
50.79,99.07407
50.78,99.07432
50.76,99.07706
50.74,99.07831
50.73,99.08055
50.72,99.08105
50.7,99.0813
50.68,99.08155
50.66,99.08429
50.65,99.08479
50.64,99.08579
50.61,99.08728
50.59,99.08977
50.57,99.09077
50.54,99.09276
50.53,99.09326
50.51,99.09899
50.5,99.09924
50.49,99.09949
50.46,99.10024
50.45,99.10123
50.43,99.10397
50.42,99.10422
50.41,99.10522
50.39,99.10696
50.38,99.10721
50.37,99.10796
50.36,99.10821
50.35,99.10871
50.34,99.10896
50.31,99.11295
50.3,99.11319
50.28,99.11693
50.26,99.11718
50.25,99.11743
50.23,99.11843
50.2,99.12092
50.19,99.12167
50.17,99.12216
50.12,99.12266
50.1,99.12291
50.09,99.13089
50.06,99.13113
50.03,99.13138
50.01,99.13263
49.99,99.13338
49.98,99.13587
49.97,99.13612
49.96,99.13637
49.95,99.13861
49.94,99.13936
49.93,99.13961
49.92,99.14085
49.91,99.14359
49.89,99.14409
49.88,99.14434
49.86,99.14509
49.85,99.15182
49.81,99.15231
49.8,99.15281
49.79,99.15331
49.78,99.15506
49.77,99.1558
49.74,99.16303
49.72,99.16677
49.68,99.16926
49.66,99.16976
49.64,99.17125
49.62,99.1715
49.61,99.173
49.6,99.17324
49.54,99.18122
49.49,99.18421
49.48,99.1882
49.47,99.18869
49.43,99.18969
49.42,99.19019
49.41,99.19044
49.38,99.19094
49.36,99.19791
49.34,99.19816
49.33,99.19841
49.32,99.19866
49.31,99.19891
49.3,99.20265
49.29,99.20315
49.28,99.20414
49.27,99.20439
49.26,99.21087
49.22,99.21212
49.2,99.21236
49.16,99.21261
49.15,99.21286
49.13,99.22034
49.12,99.22084
49.11,99.22582
49.1,99.22607
49.09,99.22632
49.08,99.22682
49.01,99.22707
49,99.23031
48.99,99.23055
48.96,99.2313
48.95,99.23255
48.93,99.23653
48.91,99.23678
48.89,99.23753
48.88,99.23778
48.87,99.23903
48.86,99.23928
48.85,99.24301
48.84,99.24326
48.8,99.24874
48.76,99.24899
48.75,99.24974
48.73,99.24999
48.72,99.25024
48.7,99.25348
48.68,99.25448
48.67,99.25522
48.64,99.25697
48.61,99.25722
48.6,99.25846
48.59,99.25896
48.54,99.26046
48.52,99.2607
48.51,99.26519
48.49,99.26644
48.45,99.27217
48.44,99.27242
48.43,99.27291
48.42,99.27516
48.4,99.27615
48.39,99.2764
48.35,99.27665
48.34,99.2769
48.28,99.27815
48.24,99.2784
48.23,99.27864
48.21,99.27889
48.2,99.28114
48.19,99.28188
48.12,99.28562
48.11,99.28587
48.08,99.28737
48.06,99.28762
48.05,99.28811
48.04,99.28861
48.02,99.28886
48,99.29384
47.99,99.29409
47.98,99.29858
47.97,99.29883
47.96,99.30207
47.94,99.30257
47.93,99.30281
47.91,99.30306
47.88,99.30331
47.86,99.3078
47.85,99.30805
47.83,99.30904
47.82,99.31303
47.81,99.31328
47.79,99.31353
47.77,99.31502
47.76,99.31552
47.75,99.31677
47.72,99.31876
47.7,99.32001
47.69,99.32325
47.68,99.32375
47.66,99.32399
47.65,99.32723
47.64,99.32748
47.62,99.32823
47.61,99.33047
47.59,99.33745
47.57,99.3387
47.55,99.33919
47.52,99.33944
47.47,99.33969
47.45,99.33994
47.42,99.34069
47.41,99.34094
47.37,99.34193
47.34,99.34218
47.28,99.34318
47.26,99.34368
47.25,99.34517
47.19,99.34642
47.18,99.34692
47.17,99.34742
47.15,99.34841
47.13,99.3519
47.11,99.3524
47.1,99.35265
47.09,99.35489
47.08,99.35514
47.06,99.35539
47.05,99.35963
47.03,99.36012
47.02,99.36062
47.01,99.36087
46.99,99.36137
46.96,99.36187
46.93,99.36212
46.92,99.36411
46.87,99.36436
46.84,99.36561
46.83,99.3666
46.8,99.36685
46.78,99.36735
46.77,99.3676
46.73,99.36785
46.71,99.3681
46.69,99.37109
46.68,99.37258
46.67,99.37358
46.65,99.37557
46.64,99.37607
46.61,99.37632
46.6,99.37657
46.59,99.38031
46.58,99.38081
46.53,99.38105
46.51,99.38155
46.5,99.38205
46.49,99.38529
46.46,99.38554
46.45,99.38579
46.44,99.38629
46.43,99.38679
46.42,99.38728
46.41,99.38753
46.39,99.39277
46.36,99.39302
46.33,99.39326
46.31,99.39476
46.28,99.39576
46.26,99.39601
46.22,99.39625
46.2,99.397
46.19,99.39725
46.17,99.3975
46.15,99.39775
46.14,99.39974
46.09,99.40024
46.06,99.40099
46.05,99.40174
46.04,99.40199
46.03,99.40298
46.02,99.40373
46,99.40423
45.99,99.40448
45.98,99.40473
45.97,99.40647
45.94,99.40821
45.91,99.40871
45.9,99.40896
45.89,99.40921
45.87,99.40996
45.82,99.41021
45.8,99.41345
45.79,99.4137
45.78,99.41395
45.75,99.41444
45.71,99.42217
45.7,99.42242
45.69,99.42267
45.66,99.42491
45.65,99.42591
45.64,99.42616
45.63,99.43014
45.62,99.43114
45.61,99.43139
45.6,99.43189
45.59,99.43263
45.57,99.43288
45.56,99.43313
45.54,99.43388
45.53,99.43438
45.52,99.43463
45.5,99.43488
45.49,99.43513
45.46,99.43537
45.43,99.43587
45.42,99.43612
45.4,99.43787
45.34,99.43836
45.33,99.43861
45.29,99.44061
45.27,99.44111
45.26,99.44484
45.25,99.44559
45.24,99.44584
45.2,99.45082
45.18,99.45107
45.17,99.45132
45.16,99.45157
45.09,99.45182
45.08,99.45207
45.06,99.45531
45.04,99.45581
45.03,99.45705
44.95,99.4573
44.94,99.45755
44.92,99.4578
44.9,99.4588
44.88,99.45905
44.84,99.46079
44.78,99.46154
44.76,99.46204
44.73,99.46278
44.72,99.46303
44.71,99.46328
44.69,99.46428
44.67,99.46552
44.64,99.46976
44.62,99.47275
44.61,99.4735
44.58,99.47449
44.56,99.47773
44.54,99.47798
44.53,99.47823
44.52,99.47923
44.49,99.48346
44.46,99.48621
44.45,99.48695
44.44,99.4877
44.42,99.48945
44.4,99.48969
44.39,99.49244
44.34,99.49318
44.32,99.49343
44.26,99.49418
44.25,99.49443
44.22,99.49468
44.19,99.49493
44.17,99.49592
44.1,99.49692
44.07,99.49866
44.01,99.49916
43.96,99.49966
43.94,99.50016
43.93,99.50091
43.92,99.50116
43.87,99.50265
43.84,99.5029
43.83,99.50315
43.82,99.50514
43.81,99.50539
43.8,99.50813
43.76,99.50863
43.72,99.50938
43.68,99.51162
43.67,99.51187
43.66,99.51436
43.65,99.51511
43.62,99.51536
43.61,99.51586
43.56,99.51611
43.54,99.51636
43.5,99.5166
43.48,99.51685
43.47,99.5171
43.46,99.5186
43.44,99.51885
43.43,99.5191
43.4,99.51935
43.39,99.51959
43.37,99.51984
43.35,99.52308
43.33,99.52333
43.32,99.52408
43.31,99.52508
43.3,99.52558
43.29,99.52582
43.25,99.52607
43.24,99.52682
43.18,99.52757
43.17,99.53106
43.16,99.5318
43.13,99.53205
43.12,99.5323
43.11,99.5343
43.1,99.53455
43.06,99.53828
43.01,99.53928
42.98,99.53953
42.94,99.54003
42.93,99.54028
42.86,99.54077
42.85,99.54152
42.82,99.54401
42.81,99.54451
42.76,99.54476
42.74,99.54501
42.73,99.54551
42.72,99.54576
42.71,99.54825
42.69,99.55124
42.65,99.55149
42.6,99.55249
42.57,99.55672
42.55,99.55697
42.54,99.55747
42.53,99.55921
42.51,99.55971
42.5,99.55996
42.48,99.56021
42.43,99.56071
42.42,99.56395
42.39,99.5642
42.32,99.56445
42.31,99.5647
42.2,99.56644
42.19,99.57068
42.18,99.57092
42.12,99.57491
42.11,99.57541
42.09,99.57616
42.07,99.57641
42.05,99.5769
42.02,99.58014
41.99,99.58039
41.96,99.58139
41.94,99.58164
41.93,99.58189
41.92,99.58338
41.89,99.58363
41.88,99.58513
41.83,99.58538
41.82,99.58563
41.81,99.58587
41.79,99.58612
41.78,99.58662
41.77,99.58712
41.74,99.59011
41.72,99.59036
41.7,99.59136
41.69,99.5921
41.68,99.59335
41.66,99.5946
41.55,99.59509
41.54,99.59534
41.5,99.59584
41.47,99.59609
41.44,99.59634
41.42,99.59659
41.41,99.59808
41.38,99.59833
41.36,99.59958
41.35,99.60157
41.32,99.60332
41.3,99.60406
41.27,99.60431
41.24,99.60456
41.22,99.60481
41.21,99.60506
41.18,99.60755
41.17,99.6078
41.16,99.61029
41.15,99.61054
41.13,99.61079
41.08,99.61179
41.06,99.61303
41.05,99.61403
40.91,99.61428
40.88,99.61453
40.86,99.61528
40.83,99.61553
40.78,99.61677
40.74,99.61752
40.72,99.61827
40.71,99.61976
40.69,99.62051
40.68,99.62076
40.57,99.62126
40.56,99.62225
40.52,99.6225
40.48,99.624
40.43,99.62425
40.42,99.6245
40.37,99.62624
40.32,99.62649
40.3,99.62749
40.27,99.62799
40.22,99.62898
40.2,99.62923
40.18,99.62973
40.14,99.62998
40.08,99.63023
40.07,99.63048
40.02,99.63372
40.01,99.63421
40,99.63471
39.99,99.63496
39.97,99.63521
39.96,99.63646
39.94,99.63671
39.91,99.6377
39.9,99.63795
39.83,99.63945
39.81,99.64094
39.79,99.64119
39.78,99.64144
39.77,99.64169
39.73,99.64194
39.72,99.64244
39.71,99.64468
39.7,99.64518
39.68,99.64568
39.66,99.64593
39.6,99.64692
39.57,99.64717
39.53,99.64742
39.5,99.64767
39.49,99.64892
39.48,99.64966
39.47,99.64991
39.45,99.65265
39.42,99.6529
39.38,99.65315
39.36,99.65365
39.34,99.6539
39.33,99.65415
39.3,99.6544
39.29,99.65639
39.26,99.65664
39.25,99.65689
39.2,99.65714
39.17,99.65739
39.16,99.65789
39.14,99.65813
39.12,99.66088
39.03,99.66187
39.02,99.66237
38.99,99.66412
38.98,99.66436
38.93,99.6676
38.91,99.66785
38.9,99.66885
38.89,99.6691
38.85,99.67134
38.79,99.67184
38.77,99.67209
38.74,99.67284
38.73,99.67309
38.68,99.67358
38.65,99.67383
38.63,99.67408
38.58,99.67433
38.57,99.67458
38.56,99.67483
38.55,99.67533
38.54,99.67757
38.53,99.67782
38.52,99.67807
38.5,99.67907
38.46,99.67981
38.42,99.68006
38.39,99.68031
38.38,99.68106
38.33,99.68131
38.27,99.68156
38.26,99.68206
38.24,99.68255
38.21,99.6828
38.17,99.6838
38.16,99.68405
38.1,99.6843
38.08,99.68629
38.06,99.68729
38.05,99.68928
38.03,99.68978
38,99.69003
37.98,99.69028
37.93,99.69127
37.92,99.69327
37.9,99.69352
37.87,99.69402
37.84,99.69701
37.78,99.69726
37.74,99.69825
37.67,99.6985
37.64,99.70124
37.62,99.70149
37.57,99.70199
37.54,99.70224
37.5,99.70274
37.47,99.70299
37.35,99.70324
37.32,99.70423
37.27,99.70448
37.26,99.70672
37.19,99.70722
37.16,99.70772
37.14,99.71096
37.1,99.71121
37.02,99.71146
37.01,99.71196
37,99.71221
36.97,99.7127
36.94,99.71295
36.88,99.71345
36.85,99.7137
36.82,99.71445
36.8,99.7147
36.69,99.71893
36.68,99.71918
36.67,99.71943
36.66,99.71968
36.62,99.72068
36.6,99.72093
36.59,99.72167
36.55,99.72342
36.51,99.72367
36.48,99.72441
36.47,99.72466
36.41,99.72516
36.38,99.72566
36.37,99.72591
36.32,99.72765
36.31,99.72915
36.3,99.7294
36.27,99.72965
36.25,99.7299
36.21,99.73015
36.2,99.7304
36.19,99.73064
36.17,99.73089
36.15,99.73114
36.1,99.73139
36.08,99.73239
36.02,99.73289
35.99,99.73314
35.95,99.73363
35.94,99.73388
35.93,99.73413
35.91,99.73438
35.89,99.73463
35.88,99.73488
35.87,99.73538
35.85,99.73563
35.82,99.73613
35.81,99.73662
35.79,99.73862
35.78,99.74036
35.77,99.74086
35.74,99.74285
35.64,99.7431
35.6,99.74335
35.59,99.7436
35.58,99.74385
35.56,99.7441
35.47,99.74435
35.45,99.7446
35.44,99.74485
35.43,99.7451
35.39,99.74609
35.37,99.74834
35.31,99.74858
35.28,99.74883
35.27,99.74908
35.18,99.74958
35.1,99.75058
35.08,99.75108
35.07,99.75232
35.04,99.75257
35.02,99.75282
35,99.75307
34.94,99.75357
34.9,99.75407
34.88,99.75432
34.84,99.75456
34.83,99.75556
34.73,99.75631
34.71,99.75656
34.68,99.75706
34.67,99.75805
34.66,99.7583
34.65,99.7588
34.61,99.7593
34.56,99.7598
34.35,99.76005
34.3,99.76054
34.29,99.76079
34.2,99.76129
34.11,99.76154
34.06,99.76204
34.05,99.76279
34.04,99.76304
34,99.76453
33.98,99.76503
33.94,99.76528
33.93,99.76628
33.9,99.76702
33.85,99.76752
33.82,99.76777
33.81,99.76802
33.8,99.76827
33.79,99.76852
33.77,99.76877
33.73,99.76902
33.7,99.76927
33.69,99.76952
33.56,99.77076
33.53,99.77101
33.45,99.77201
33.44,99.773
33.39,99.7735
33.38,99.774
33.37,99.77599
33.25,99.77674
33.24,99.77699
33.18,99.77724
33.16,99.77824
33.15,99.77849
33.14,99.77873
33.1,99.77898
33.05,99.78123
33.04,99.78148
33.02,99.78197
32.99,99.78222
32.97,99.78297
32.93,99.78347
32.87,99.78546
32.86,99.78571
32.82,99.78596
32.81,99.78671
32.8,99.7877
32.75,99.7882
32.72,99.7887
32.7,99.79045
32.69,99.79069
32.66,99.79244
32.65,99.79294
32.57,99.79319
32.54,99.79344
32.52,99.79468
32.46,99.79493
32.43,99.79518
32.36,99.79593
32.35,99.79618
32.26,99.79643
32.16,99.79668
32.13,99.79742
32.09,99.79767
32.08,99.79792
32.06,99.79867
32.04,99.79892
32.02,99.79942
31.99,99.79967
31.98,99.79991
31.96,99.80066
31.93,99.80091
31.8,99.80116
31.76,99.80141
31.71,99.80166
31.7,99.80191
31.68,99.80241
31.65,99.80315
31.63,99.8034
31.62,99.80365
31.56,99.8039
31.55,99.80639
31.52,99.80689
31.39,99.80714
31.35,99.80739
31.3,99.80764
31.29,99.80789
31.21,99.80814
31.16,99.80839
31.14,99.81013
31.07,99.81038
31.06,99.81088
30.99,99.81138
30.96,99.81187
30.89,99.81212
30.87,99.81237
30.85,99.81262
30.82,99.81337
30.77,99.81362
30.76,99.81387
30.73,99.81412
30.72,99.81536
30.7,99.81561
30.62,99.81661
30.56,99.81686
30.48,99.81711
30.47,99.81736
30.36,99.81785
30.32,99.81985
30.31,99.8201
30.29,99.82035
30.27,99.8206
30.25,99.82209
30.23,99.82259
30.19,99.82309
30.18,99.82334
30.06,99.82458
30.05,99.82483
30.03,99.82508
29.97,99.82608
29.94,99.82682
29.89,99.82707
29.85,99.82732
29.8,99.82807
29.7,99.82982
29.6,99.83131
29.58,99.83256
29.47,99.8333
29.39,99.8343
29.35,99.83455
29.34,99.83604
29.29,99.83629
29.2,99.83654
29.11,99.83679
29.04,99.83704
29.03,99.83729
28.98,99.83754
28.92,99.83779
28.89,99.83829
28.76,99.83953
28.74,99.83978
28.63,99.84078
28.51,99.84128
28.45,99.84153
28.35,99.84327
28.29,99.84352
28.28,99.84452
28.24,99.84477
28.1,99.84501
28.06,99.84526
28.04,99.84551
27.99,99.84751
27.9,99.848
27.86,99.8485
27.76,99.84875
27.73,99.849
27.7,99.84925
27.67,99.8505
27.66,99.85099
27.59,99.85124
27.57,99.85149
27.56,99.85224
27.54,99.85249
27.49,99.85274
27.43,99.85299
27.39,99.85324
27.37,99.85374
27.32,99.85398
27.19,99.85523
27.15,99.85548
27.13,99.85573
27.1,99.85598
26.97,99.85722
26.93,99.85747
26.92,99.85772
26.88,99.85847
26.83,99.85872
26.82,99.85897
26.74,99.85922
26.71,99.85972
26.62,99.86046
26.57,99.86071
26.54,99.86146
26.44,99.86171
26.42,99.86196
26.39,99.86221
26.38,99.86246
26.33,99.86271
26.22,99.86395
26.2,99.8642
25.97,99.86445
25.9,99.8647
25.85,99.86495
25.84,99.86669
25.78,99.86694
25.77,99.86719
25.66,99.86769
25.63,99.86794
25.57,99.86819
25.46,99.86844
25.4,99.86869
25.33,99.86918
25.16,99.86968
24.92,99.87043
24.71,99.87068
24.69,99.87093
24.62,99.87118
24.59,99.87143
24.57,99.87242
24.38,99.87267
24.36,99.87292
24.25,99.87317
24.18,99.87342
24.05,99.87367
24.03,99.87417
24.01,99.87442
23.98,99.87467
23.86,99.87541
23.84,99.87566
23.79,99.87741
23.68,99.87766
23.64,99.8789
23.61,99.87915
23.59,99.8794
23.5,99.87965
23.41,99.88015
23.38,99.88065
23.37,99.88139
23.36,99.88289
23.28,99.88314
23.24,99.88339
23.14,99.88488
23.11,99.88513
23.02,99.88563
23.01,99.88588
22.95,99.88613
22.87,99.88663
22.84,99.88688
22.74,99.88737
22.7,99.88762
22.62,99.88787
22.59,99.88812
22.57,99.88837
22.55,99.88862
22.49,99.88887
22.48,99.88912
22.33,99.88937
22.26,99.89086
22.18,99.89161
22.16,99.89186
22.06,99.89211
22.04,99.89236
22.01,99.89261
22,99.8931
21.99,99.89335
21.88,99.8936
21.86,99.89385
21.79,99.89435
21.71,99.8946
21.68,99.89485
21.65,99.8951
21.56,99.89535
21.53,99.89609
21.42,99.89634
21.27,99.89659
21.21,99.89684
21.2,99.89709
21.03,99.89734
20.94,99.90208
20.93,99.90232
20.92,99.90257
20.81,99.90282
20.76,99.90307
20.68,99.90332
20.53,99.90357
20.41,99.90382
20.26,99.90407
20.25,99.90432
20.22,99.90457
20.09,99.90507
20.05,99.90631
19.99,99.90656
19.76,99.90681
19.53,99.90706
19.46,99.90731
19.4,99.90756
19.33,99.90806
19.29,99.9083
19.27,99.9093
19.2,99.9098
19.16,99.91005
19.03,99.9103
18.98,99.91055
18.92,99.9108
18.88,99.91105
18.78,99.91179
18.65,99.91204
18.61,99.91229
18.55,99.91279
18.54,99.91304
18.48,99.91329
18.47,99.91354
18.46,99.91428
18.44,99.91453
18.4,99.91478
18.36,99.91503
18.33,99.91528
18.29,99.91578
18.13,99.91603
18.11,99.91653
18.08,99.91678
18,99.91703
17.97,99.91727
17.91,99.91752
17.87,99.91827
17.85,99.91902
17.73,99.91927
17.69,99.91952
17.59,99.91977
17.58,99.92002
17.52,99.92026
17.48,99.92076
17.46,99.92101
17.34,99.92126
17.29,99.92151
17.25,99.92176
17.18,99.92201
17.09,99.92226
16.93,99.92251
16.88,99.92325
16.65,99.9235
16.6,99.92375
16.56,99.92425
16.51,99.9245
16.48,99.92475
16.41,99.925
16.4,99.92525
16.28,99.92575
16.15,99.926
16.02,99.92624
15.93,99.92649
15.88,99.92699
15.77,99.92724
15.76,99.92774
15.63,99.92824
15.6,99.92849
15.49,99.92874
15.46,99.92899
15.36,99.92948
15.34,99.92973
15.24,99.92998
14.93,99.93148
14.9,99.93173
14.86,99.93198
14.63,99.93247
14.62,99.93272
14.58,99.93322
14.12,99.93347
14.08,99.93372
14.07,99.93397
14.04,99.93422
13.95,99.93447
13.9,99.93472
13.89,99.93497
13.87,99.93522
13.85,99.93546
13.77,99.93571
13.74,99.93596
13.68,99.93621
13.65,99.93646
13.54,99.93671
13.37,99.93696
13.35,99.93721
13.33,99.93746
13.29,99.93771
13.27,99.93796
13.08,99.93821
12.93,99.93845
12.89,99.9392
12.83,99.93945
12.79,99.9397
12.74,99.93995
12.73,99.9402
12.7,99.94045
12.61,99.9407
12.59,99.94095
12.56,99.9412
12.33,99.94419
12.16,99.94443
11.98,99.94468
11.96,99.94493
11.94,99.94518
11.81,99.94543
11.73,99.94568
11.63,99.94593
11.56,99.94618
11.43,99.94643
11.22,99.94668
11.13,99.94693
11.12,99.94718
11.01,99.94792
10.91,99.94817
10.73,99.94842
10.57,99.94942
10.42,99.94967
10.32,99.94992
10.25,99.95017
10.18,99.95091
10.12,99.95116
10.06,99.95141
10.04,99.95191
9.73,99.95216
9.7,99.95241
9.63,99.95266
9.41,99.95291
9.37,99.95316
9.16,99.9534
9.13,99.95415
9.11,99.9544
9.1,99.95465
9.01,99.9559
8.73,99.95615
8.56,99.95664
8.37,99.95714
8.21,99.95739
8.02,99.95764
7.99,99.95789
7.94,99.95839
7.9,99.95864
7.89,99.95889
7.81,99.95938
7.75,99.95963
7.71,99.95988
7.67,99.96013
7.64,99.96038
7.55,99.96063
7.07,99.96088
6.96,99.96113
6.83,99.96213
6.62,99.96237
6.48,99.96412
6.47,99.96437
6.28,99.96536
6.07,99.96561
6.04,99.96586
5.94,99.96611
5.93,99.96636
5.88,99.96661
5.8,99.96711
5.57,99.96811
5.52,99.96836
5.36,99.9686
5,99.96885
4.7,99.9691
4.54,99.96935
4.38,99.9696
4.36,99.96985
4.24,99.9701
4.19,99.97035
4.17,99.9706
4.14,99.97135
3.72,99.97159
3.56,99.97184
3.55,99.97209
3.54,99.97234
3.51,99.97259
3.5,99.97284
3.49,99.97309
3.29,99.97334
3.08,99.97359
2.97,99.97384
2.92,99.97409
2.85,99.97434
2.78,99.97458
2.74,99.97483
2.72,99.97508
2.6,99.97558
2.43,99.97583
2.36,99.97633
2.15,99.97683
1.94,99.97733
1.9,99.97757
1.86,99.97782
1.67,99.97807
1.65,99.97832
1.24,99.97882
1.1,99.97907
1.05,99.97932
0.76,99.97957
0.74,99.97982
0.61,99.98032
0.6,99.98056
0.59,99.98081
0.58,99.98106
0.56,99.98131
0.53,99.98156
0.45,99.98181
0.44,99.98206
0.38,99.98231
0.33,99.98256
0.32,99.98281
0.28,99.98306
0.27,99.98355
0.25,99.9838
0.19,99.98405
0.17,99.9848
0.13,99.98505
0.09,99.9853
0.08,99.98555
0.07,99.9858
0.04,99.98605
0.03,99.98729
0.02,99.98854
0.01,99.98904
0,99.99103
