diff,pctl
68.19,0
63.59,0.0002536346
57.2,0.0005072692
49.8,0.0007609038
48.39,0.001014538
48.19,0.001268173
47.79,0.001521808
46.59,0.001775442
45.8,0.002029077
44,0.002282711
43.99,0.002536346
43.99,0.00278998
43.8,0.003043615
43.6,0.00329725
43.19,0.003550884
43,0.003804519
42.39,0.004058153
42.2,0.004311788
41.8,0.004565423
41.8,0.004819057
41.8,0.005072692
41.79,0.005326326
41.59,0.005579961
41.4,0.005833595
41.39,0.00608723
41.2,0.006340865
41.19,0.006594499
41,0.006848134
40.8,0.007101768
40.8,0.007355403
40.79,0.007609038
40.6,0.007862672
40.4,0.008116307
40.4,0.008369941
40.39,0.008623576
40.2,0.00887721
40.19,0.009130845
40,0.00938448
39.6,0.009638114
39.4,0.01014538
39.2,0.01039902
39.2,0.01065265
39,0.01090629
38.8,0.01141356
38.8,0.01166719
38.78,0.01217446
38.59,0.01242809
38.59,0.01293536
38.4,0.013189
38.39,0.01344263
38.39,0.01369627
38.19,0.0139499
37.79,0.01420354
37.79,0.01471081
37.6,0.01496444
37.6,0.01521808
37.4,0.01572534
37.39,0.01597898
37.39,0.01623261
37.2,0.01648625
37.19,0.01673988
37,0.01699352
36.99,0.01724715
36.95,0.01775442
36.58,0.01800806
36.4,0.01826169
36.4,0.01876896
36.39,0.01902259
36.2,0.01927623
36.2,0.0197835
36,0.02029077
35.99,0.0205444
35.8,0.02079804
35.8,0.02105167
35.79,0.02130531
35.6,0.02155894
35.4,0.02257348
35.39,0.02282711
35.2,0.02308075
35.19,0.02333438
35,0.02358802
35,0.02384165
34.99,0.02409529
34.8,0.02460255
34.8,0.02510982
34.8,0.02536346
34.6,0.02587073
34.59,0.02612436
34.4,0.026378
34.39,0.02663163
34.39,0.02688527
34.2,0.02764617
34.2,0.0278998
34,0.02815344
34,0.02840707
33.99,0.02866071
33.8,0.02942161
33.8,0.02967525
33.8,0.03018252
33.79,0.03043615
33.79,0.03068978
33.6,0.03119705
33.6,0.03145069
33.6,0.03170432
33.59,0.0329725
33.59,0.03398703
33.56,0.03424067
33.4,0.0344943
33.4,0.03474794
33.4,0.03500157
33.39,0.03525521
33.2,0.03550884
33.2,0.03576248
33.19,0.03601611
33.19,0.03728428
33,0.03753792
32.99,0.03779155
32.99,0.03829882
32.99,0.03855246
32.8,0.03880609
32.79,0.039567
32.79,0.0403279
32.6,0.04058153
32.6,0.0410888
32.59,0.04210334
32.57,0.04235698
32.4,0.04261061
32.4,0.04286424
32.4,0.04311788
32.39,0.04362515
32.39,0.04413242
32.2,0.04438605
32,0.04489332
32,0.04540059
31.99,0.04717603
31.99,0.04742967
31.99,0.0476833
31.98,0.04819057
31.8,0.04844421
31.8,0.04895147
31.8,0.04971238
31.79,0.04996601
31.6,0.05021965
31.6,0.05072692
31.6,0.05123419
31.59,0.05300963
31.59,0.0535169
31.58,0.05377053
31.4,0.05402417
31.4,0.05478507
31.39,0.05554597
31.2,0.05605324
31.2,0.05630688
31.2,0.05656051
31.2,0.05706778
31.19,0.05732142
31.19,0.05757505
31,0.05833595
30.99,0.05985776
30.99,0.0601114
30.99,0.06036503
30.8,0.06061867
30.8,0.0616332
30.8,0.06239411
30.79,0.06315501
30.79,0.06340865
30.6,0.06391592
30.6,0.06442318
30.6,0.06467682
30.59,0.06594499
30.59,0.0667059
30.4,0.06695953
30.4,0.0674668
30.4,0.06772043
30.39,0.0682277
30.39,0.06848134
30.38,0.06898861
30.2,0.06924224
30.2,0.07025678
30.19,0.07101768
30.18,0.07203222
30,0.07228586
30,0.07253949
30,0.0748222
29.99,0.07507584
29.99,0.07609038
29.8,0.07685128
29.8,0.07888036
29.79,0.07913399
29.79,0.08014853
29.79,0.08040216
29.6,0.08116307
29.6,0.08243124
29.6,0.08293851
29.6,0.08446032
29.59,0.08471395
29.59,0.08496759
29.59,0.08623576
29.4,0.08648939
29.4,0.0880112
29.4,0.08826484
29.4,0.08851847
29.39,0.08927937
29.39,0.08953301
29.39,0.09004028
29.39,0.09105482
29.2,0.09130845
29.2,0.09308389
29.19,0.09359116
29.19,0.0938448
29.19,0.09409843
29,0.09511297
29,0.0953666
29,0.09562024
29,0.09739568
28.99,0.09764931
28.99,0.09866385
28.99,0.09891749
28.99,0.1004393
28.8,0.1006929
28.8,0.1009466
28.8,0.1032293
28.79,0.1037365
28.79,0.1039902
28.79,0.1047511
28.79,0.1050047
28.6,0.1060193
28.6,0.1065265
28.6,0.1067802
28.59,0.1080483
28.59,0.1095701
28.57,0.1098238
28.4,0.1100774
28.4,0.1121065
28.4,0.1128674
28.39,0.1143892
28.39,0.1146428
28.39,0.1151501
28.39,0.1156574
28.2,0.115911
28.2,0.1171792
28.2,0.1176864
28.19,0.1189546
28.19,0.1194619
28,0.1202228
28,0.1204764
27.99,0.1240273
27.8,0.1245346
27.8,0.1258028
27.8,0.12631
27.79,0.1273246
27.79,0.1291
27.6,0.1303682
27.6,0.13189
27.59,0.1339191
27.59,0.1349336
27.55,0.1351872
27.4,0.1354409
27.4,0.1372163
27.4,0.1374699
27.39,0.1389918
27.39,0.1402599
27.38,0.1410208
27.2,0.1412745
27.2,0.1417817
27.2,0.1448253
27.2,0.1453326
27.19,0.1455863
27.19,0.1460935
27,0.1473617
27,0.1514198
26.99,0.1519271
26.99,0.1531953
26.99,0.1534489
26.98,0.1547171
26.8,0.1552244
26.8,0.1559853
26.79,0.1585216
26.79,0.1587752
26.79,0.1595362
26.78,0.1600434
26.6,0.1602971
26.6,0.1608043
26.6,0.1628334
26.6,0.1633407
26.59,0.165877
26.59,0.1666379
26.59,0.1668916
26.4,0.1676525
26.4,0.1699352
26.4,0.1701888
26.4,0.1717106
26.39,0.1719642
26.39,0.1724715
26.2,0.1745006
26.2,0.1747542
26.2,0.1767833
26.2,0.1772906
26.19,0.1783051
26.19,0.1795733
26.18,0.1798269
26,0.1800806
26,0.1843923
25.99,0.184646
25.99,0.1848996
25.8,0.1861678
25.8,0.1866751
25.8,0.1907332
25.79,0.1912405
25.79,0.1917477
25.79,0.192255
25.79,0.1925086
25.6,0.1932696
25.6,0.1935232
25.6,0.1963132
25.59,0.2003713
25.58,0.2021468
25.57,0.2024004
25.4,0.202654
25.4,0.2056976
25.4,0.2064586
25.4,0.2074731
25.39,0.2079804
25.39,0.208234
25.39,0.2102631
25.39,0.2105167
25.2,0.2107703
25.2,0.2160967
25.2,0.2166039
25.19,0.2176185
25.19,0.2178721
25.18,0.2216766
25,0.2219303
25,0.2226912
25,0.2295393
25,0.2300466
24.99,0.2305538
24.99,0.231822
24.99,0.2338511
24.8,0.2341047
24.8,0.234612
24.8,0.2356265
24.79,0.2414601
24.79,0.2417138
24.79,0.2427283
24.6,0.2442501
24.6,0.2467864
24.6,0.247801
24.59,0.2518591
24.59,0.2533809
24.59,0.2538882
24.59,0.2541419
24.4,0.2546491
24.4,0.2584536
24.4,0.2594682
24.39,0.2614973
24.39,0.2617509
24.39,0.2630191
24.38,0.2632727
24.2,0.26378
24.2,0.2642872
24.2,0.2718963
24.19,0.2731644
24.19,0.274179
24.19,0.2767153
24,0.2772226
24,0.2777299
24,0.2858462
24,0.2860998
23.99,0.2871143
23.99,0.287368
23.99,0.2876216
23.99,0.2878753
23.98,0.2896507
23.97,0.2899043
23.8,0.290158
23.8,0.2932016
23.8,0.2934552
23.8,0.2937088
23.8,0.2987815
23.79,0.2995424
23.79,0.2997961
23.79,0.3010643
23.79,0.3013179
23.75,0.303347
23.6,0.3036006
23.6,0.3071515
23.6,0.3076587
23.6,0.313746
23.59,0.3139996
23.59,0.3170432
23.58,0.318565
23.56,0.3190723
23.4,0.3193259
23.4,0.3251595
23.4,0.3266813
23.4,0.3289641
23.39,0.3292177
23.39,0.3294713
23.39,0.3330222
23.38,0.3332758
23.37,0.3335295
23.2,0.3337831
23.2,0.3347977
23.2,0.3426603
23.2,0.3434212
23.19,0.3464648
23.19,0.3467185
23.08,0.3502694
23,0.350523
23,0.3507766
23,0.3512839
23,0.3522984
23,0.3624438
23,0.3626975
22.99,0.3629511
22.99,0.3632047
22.99,0.3642193
22.99,0.3654874
22.8,0.3657411
22.8,0.3662483
22.8,0.3675165
22.8,0.3725892
22.79,0.3736037
22.79,0.3756328
22.79,0.3758865
22.77,0.3774083
22.6,0.3776619
22.6,0.3809591
22.6,0.382481
22.59,0.3883145
22.59,0.3921191
22.59,0.3926263
22.4,0.3938945
22.4,0.4015035
22.4,0.4017572
22.4,0.4042935
22.39,0.4045472
22.39,0.4050544
22.39,0.4053081
22.39,0.4101271
22.32,0.4106344
22.2,0.410888
22.2,0.4121562
22.2,0.4197652
22.2,0.4223016
22.19,0.4238234
22.19,0.4243307
22.18,0.4278815
22,0.4281352
22,0.4283888
22,0.4405633
22,0.4408169
22,0.4410705
21.99,0.4418314
21.99,0.4438605
21.99,0.4446214
21.99,0.4469041
21.8,0.4471578
21.8,0.4499478
21.8,0.4514696
21.8,0.458825
21.79,0.4595859
21.79,0.4600931
21.79,0.4613613
21.79,0.4616149
21.78,0.4638977
21.6,0.4641513
21.6,0.4649122
21.6,0.4717603
21.6,0.4732821
21.6,0.4821593
21.59,0.482413
21.59,0.4857102
21.59,0.4859639
21.4,0.4869784
21.4,0.487232
21.4,0.4963629
21.4,0.4966165
21.4,0.498392
21.4,0.5047328
21.39,0.5049865
21.39,0.5098055
21.39,0.5100591
21.37,0.5108201
21.2,0.5110737
21.2,0.5120882
21.2,0.5196973
21.2,0.5199509
21.2,0.5209654
21.19,0.5237554
21.19,0.52477
21.19,0.5250236
21,0.5283208
21,0.5293354
21,0.5306035
21,0.5308572
21,0.548358
21,0.5486116
20.99,0.5496261
20.99,0.551148
20.99,0.5516552
20.8,0.5534307
20.8,0.558757
20.8,0.5602788
20.8,0.5734678
20.79,0.5742287
20.79,0.5744823
20.79,0.576765
20.79,0.5777796
20.76,0.5793014
20.6,0.579555
20.6,0.5798087
20.6,0.5843741
20.6,0.5866568
20.59,0.5998458
20.59,0.6003531
20.59,0.605933
20.59,0.6064403
20.4,0.6066939
20.4,0.6193757
20.4,0.6211511
20.4,0.6282529
20.39,0.6285065
20.39,0.6287601
20.39,0.632311
20.38,0.6325647
20.2,0.6328183
20.2,0.6338328
20.2,0.6457536
20.2,0.6480364
20.19,0.6531091
20.19,0.65387
20.19,0.6543772
20.18,0.6581817
20.17,0.6584354
20,0.658689
20,0.6589426
20,0.6591963
20,0.6599572
20,0.6805016
20,0.6812625
19.99,0.6817698
19.99,0.6832916
19.99,0.6840525
19.99,0.6858279
19.8,0.6868425
19.8,0.6916615
19.8,0.6936906
19.8,0.7061187
19.79,0.7078941
19.79,0.7081478
19.79,0.7106841
19.79,0.711445
19.78,0.7155032
19.6,0.7157568
19.6,0.7223513
19.6,0.7243804
19.6,0.724634
19.59,0.7390912
19.59,0.7431493
19.58,0.7441639
19.47,0.7444175
19.4,0.7446711
19.4,0.7596356
19.4,0.764201
19.4,0.7695273
19.39,0.7702882
19.39,0.7707955
19.39,0.7710491
19.39,0.7715564
19.39,0.7778973
19.39,0.7781509
19.38,0.7791654
19.38,0.7794191
19.2,0.7796727
19.2,0.7809409
19.2,0.8019926
19.2,0.8050362
19.19,0.809348
19.19,0.8108698
19.19,0.811377
19.19,0.8121379
19.18,0.8194933
19.17,0.819747
19,0.8200006
19,0.8210151
19,0.8466322
19,0.8471395
19,0.8473931
18.99,0.8491686
18.99,0.8522122
18.99,0.8527195
18.99,0.8529731
18.99,0.8577922
18.98,0.8585531
18.98,0.8588067
18.83,0.8590603
18.8,0.859314
18.8,0.864133
18.8,0.8679375
18.8,0.8851847
18.79,0.8879747
18.79,0.8912719
18.79,0.8930474
18.78,0.8948228
18.78,0.8950764
18.66,0.8953301
18.6,0.8955837
18.6,0.8971055
18.6,0.9067436
18.6,0.9105482
18.6,0.9232299
18.59,0.9242444
18.59,0.9244981
18.59,0.930078
18.59,0.9303317
18.59,0.9313462
18.54,0.9326144
18.4,0.932868
18.4,0.9506224
18.4,0.9511297
18.4,0.9546806
18.4,0.9643187
18.39,0.9645723
18.39,0.964826
18.39,0.9650796
18.39,0.9706596
18.39,0.9709132
18.38,0.9719277
18.33,0.9721814
18.2,0.972435
18.2,0.9754786
18.2,0.9957694
18.2,0.9985594
18.19,1.005407
18.19,1.005661
18.19,1.007183
18.19,1.008197
18.19,1.014285
18.18,1.014538
18.16,1.014792
18,1.015046
18,1.015807
18,1.016567
18,1.016821
18,1.049033
18,1.049794
17.99,1.050808
17.99,1.053091
17.99,1.054866
17.99,1.061461
17.98,1.061714
17.8,1.061968
17.8,1.06907
17.8,1.07186
17.8,1.072621
17.8,1.094433
17.79,1.096462
17.79,1.09697
17.79,1.099252
17.79,1.100267
17.78,1.103818
17.6,1.104325
17.6,1.104832
17.6,1.114978
17.6,1.117768
17.59,1.143131
17.59,1.148965
17.59,1.149472
17.59,1.150233
17.59,1.151755
17.58,1.152008
17.4,1.152516
17.4,1.173821
17.4,1.174074
17.4,1.178894
17.4,1.191575
17.39,1.193351
17.39,1.194619
17.39,1.194873
17.39,1.202735
17.39,1.203242
17.38,1.204511
17.2,1.205018
17.2,1.208315
17.2,1.208569
17.2,1.23165
17.2,1.23241
17.2,1.235708
17.19,1.244585
17.19,1.246107
17.19,1.246614
17.19,1.254223
17.18,1.25473
17,1.255238
17,1.255998
17,1.256506
17,1.256759
17,1.297595
17,1.297848
17,1.298355
16.99,1.299624
16.99,1.302921
16.99,1.30495
16.99,1.305204
16.99,1.309769
16.98,1.310784
16.8,1.311037
16.8,1.320422
16.8,1.326763
16.8,1.32727
16.8,1.357452
16.79,1.361764
16.79,1.362018
16.79,1.366076
16.79,1.36633
16.79,1.367851
16.78,1.374446
16.6,1.374699
16.6,1.37546
16.6,1.392707
16.6,1.400063
16.6,1.427709
16.59,1.428216
16.59,1.439376
16.59,1.439884
16.59,1.440391
16.59,1.441152
16.58,1.441659
16.58,1.441913
16.57,1.442166
16.4,1.44242
16.4,1.47032
16.4,1.470827
16.4,1.477929
16.4,1.495937
16.39,1.497459
16.39,1.497712
16.39,1.498473
16.39,1.506082
16.39,1.506336
16.39,1.506589
16.38,1.508365
16.36,1.508872
16.36,1.509126
16.33,1.509379
16.2,1.509633
16.2,1.513438
16.2,1.513691
16.2,1.542859
16.2,1.543874
16.2,1.548439
16.19,1.561374
16.19,1.562896
16.19,1.56315
16.19,1.563657
16.19,1.57431
16,1.574563
16,1.576593
16,1.578368
16,1.578875
16,1.63087
16,1.631124
16,1.631631
15.99,1.632646
15.99,1.636704
15.99,1.637719
15.99,1.638226
15.99,1.644313
15.98,1.645074
15.8,1.645581
15.8,1.657756
15.8,1.662321
15.8,1.663589
15.8,1.698844
15.79,1.703917
15.79,1.704424
15.79,1.710258
15.79,1.710512
15.79,1.712287
15.78,1.718628
15.78,1.718882
15.78,1.719389
15.6,1.719642
15.6,1.720657
15.6,1.73689
15.6,1.743991
15.6,1.745006
15.6,1.77671
15.59,1.777471
15.59,1.777725
15.59,1.787363
15.59,1.78787
15.59,1.789138
15.58,1.792689
15.4,1.793197
15.4,1.827944
15.4,1.828198
15.4,1.835553
15.4,1.855083
15.39,1.857112
15.39,1.857366
15.39,1.857873
15.39,1.873599
15.38,1.873852
15.38,1.874106
15.38,1.87436
15.37,1.874867
15.2,1.87512
15.2,1.879432
15.2,1.879686
15.2,1.922297
15.2,1.923311
15.2,1.926101
15.19,1.938022
15.19,1.939036
15.19,1.940812
15.18,1.951211
15.18,1.951464
15,1.951718
15,1.953494
15,1.955523
15,1.95603
15,2.016902
15,2.01817
14.99,2.020199
14.99,2.024511
14.99,2.02654
14.99,2.026794
14.99,2.031867
14.98,2.032881
14.98,2.033135
14.97,2.033896
14.8,2.034149
14.8,2.053426
14.8,2.061035
14.8,2.061796
14.8,2.111508
14.79,2.117342
14.79,2.11861
14.79,2.125458
14.79,2.125965
14.79,2.128501
14.78,2.133574
14.74,2.134842
14.63,2.135096
14.6,2.13535
14.6,2.137379
14.6,2.16122
14.6,2.173141
14.6,2.174156
14.6,2.213215
14.59,2.213469
14.59,2.222853
14.59,2.223361
14.59,2.225136
14.58,2.227673
14.44,2.228687
14.4,2.228941
14.4,2.269269
14.4,2.270537
14.4,2.27079
14.4,2.283726
14.4,2.308582
14.39,2.310611
14.39,2.311118
14.39,2.311626
14.39,2.323293
14.39,2.324815
14.38,2.327097
14.38,2.327351
14.2,2.327605
14.2,2.331916
14.2,2.33217
14.2,2.382643
14.2,2.383658
14.2,2.393296
14.19,2.411558
14.19,2.413333
14.19,2.414855
14.19,2.415109
14.19,2.433877
14.18,2.434385
14,2.434638
14,2.43616
14,2.439711
14,2.439965
14,2.516055
14,2.516562
14,2.519352
13.99,2.52062
13.99,2.526961
13.99,2.529498
13.99,2.539136
13.8,2.539643
13.8,2.562724
13.8,2.571601
13.8,2.573376
13.8,2.57363
13.8,2.628415
13.8,2.635771
13.79,2.636024
13.79,2.636785
13.79,2.642111
13.79,2.642365
13.79,2.644901
13.79,2.645155
13.78,2.653018
13.76,2.653525
13.6,2.653779
13.6,2.656061
13.6,2.68878
13.6,2.702476
13.6,2.70273
13.6,2.761573
13.59,2.762588
13.59,2.779835
13.59,2.780596
13.59,2.784147
13.58,2.7844
13.58,2.784654
13.4,2.784908
13.4,2.785161
13.4,2.844005
13.4,2.844765
13.4,2.855925
13.4,2.881796
13.39,2.885347
13.39,2.88763
13.39,2.888391
13.39,2.903101
13.39,2.903862
13.38,2.905891
13.2,2.906145
13.2,2.910964
13.2,2.979953
13.2,2.980206
13.2,2.980714
13.2,2.98883
13.19,3.011403
13.19,3.014954
13.19,3.015208
13.19,3.015715
13.18,3.032709
13.18,3.032962
13.16,3.033216
13,3.03347
13,3.034991
13,3.036513
13,3.037021
13,3.138982
13,3.139235
13,3.140757
12.99,3.143293
12.99,3.15141
12.99,3.155975
12.99,3.156229
12.99,3.164091
12.98,3.165106
12.98,3.165613
12.8,3.165867
12.8,3.190723
12.8,3.202644
12.8,3.204166
12.8,3.204419
12.8,3.272393
12.79,3.280763
12.79,3.281017
12.79,3.289387
12.79,3.292177
12.6,3.299279
12.6,3.301054
12.6,3.336056
12.6,3.352035
12.6,3.353303
12.6,3.415697
12.59,3.416458
12.59,3.416711
12.59,3.435734
12.59,3.436241
12.59,3.437763
12.59,3.441314
12.58,3.441568
12.41,3.441821
12.4,3.442075
12.4,3.503962
12.4,3.505991
12.4,3.523745
12.4,3.562805
12.39,3.56661
12.39,3.56737
12.39,3.568131
12.39,3.568639
12.39,3.585886
12.39,3.586393
12.38,3.588168
12.2,3.589183
12.2,3.596031
12.2,3.596538
12.2,3.676433
12.2,3.676941
12.2,3.687086
12.19,3.717268
12.19,3.720819
12.19,3.724117
12.19,3.724624
12.19,3.724877
12.19,3.742378
12.18,3.742632
12.11,3.742886
12,3.743139
12,3.7439
12,3.746436
12,3.74669
12,3.878834
12,3.882131
11.99,3.883906
11.99,3.893291
11.99,3.896842
11.99,3.897349
11.99,3.908002
11.98,3.909777
11.96,3.910031
11.91,3.910284
11.8,3.910538
11.8,3.942496
11.8,3.956192
11.8,3.95746
11.8,4.058153
11.79,4.066777
11.79,4.067284
11.79,4.0754
11.79,4.075654
11.79,4.079459
11.78,4.087829
11.77,4.088336
11.6,4.088589
11.6,4.093155
11.6,4.141599
11.6,4.157324
11.6,4.157832
11.59,4.243307
11.59,4.24356
11.59,4.264866
11.59,4.267402
11.59,4.272728
11.4,4.272982
11.4,4.359725
11.4,4.360739
11.4,4.385849
11.4,4.432264
11.39,4.435308
11.39,4.436069
11.39,4.436323
11.39,4.436576
11.39,4.458642
11.39,4.459657
11.2,4.462193
11.2,4.47107
11.2,4.578865
11.2,4.580387
11.2,4.593576
11.19,4.631114
11.19,4.631621
11.19,4.634157
11.19,4.63644
11.19,4.637201
11.19,4.657238
11.17,4.657745
11,4.657999
11,4.660535
11,4.665101
11,4.665862
11,4.666115
11,4.834529
11,4.834782
11,4.835036
11,4.839348
10.99,4.842899
10.99,4.85279
10.99,4.856595
10.99,4.857102
10.99,4.873589
10.97,4.874603
10.9,4.874857
10.8,4.87511
10.8,4.910366
10.8,4.923555
10.8,4.92533
10.8,5.041241
10.8,5.041495
10.79,5.053162
10.79,5.053923
10.79,5.066858
10.79,5.067365
10.79,5.071931
10.77,5.081315
10.6,5.081569
10.6,5.084866
10.6,5.143709
10.6,5.143963
10.6,5.173638
10.6,5.173892
10.6,5.176682
10.6,5.28473
10.59,5.285745
10.59,5.285998
10.59,5.307811
10.59,5.308572
10.59,5.311362
10.59,5.317449
10.58,5.317703
10.57,5.317956
10.52,5.31821
10.4,5.318464
10.4,5.434628
10.4,5.436404
10.4,5.467854
10.4,5.524161
10.39,5.528219
10.39,5.530756
10.39,5.531263
10.39,5.531517
10.39,5.55967
10.39,5.559924
10.39,5.560177
10.39,5.562206
10.38,5.564743
10.2,5.564996
10.2,5.575649
10.2,5.576156
10.2,5.722503
10.2,5.724533
10.2,5.741526
10.19,5.783629
10.19,5.783883
10.19,5.787688
10.19,5.78997
10.19,5.790224
10.19,5.812544
10.18,5.812797
10.18,5.813051
10.17,5.813305
10,5.813558
10,5.816856
10,5.821675
10,5.823196
10,6.036757
10,6.03701
10,6.044873
9.99,6.048424
9.99,6.058823
9.99,6.062627
9.99,6.063135
9.99,6.077338
9.98,6.078353
9.97,6.078606
9.84,6.07886
9.8,6.079114
9.8,6.126036
9.8,6.148356
9.8,6.149878
9.8,6.150131
9.8,6.30358
9.79,6.315755
9.79,6.316008
9.79,6.329958
9.79,6.330212
9.79,6.334777
9.73,6.348981
9.6,6.349235
9.6,6.355322
9.6,6.425325
9.6,6.425832
9.6,6.458551
9.6,6.460834
9.6,6.606674
9.59,6.608449
9.59,6.634573
9.59,6.635081
9.59,6.63711
9.58,6.643451
9.57,6.644719
9.55,6.644972
9.4,6.645226
9.4,6.780413
9.4,6.783457
9.4,6.783964
9.4,6.816683
9.4,6.891505
9.39,6.899368
9.39,6.90089
9.39,6.901143
9.39,6.901397
9.39,6.931072
9.39,6.931326
9.39,6.93158
9.39,6.932594
9.38,6.936399
9.2,6.937159
9.2,6.950348
9.2,6.951363
9.2,7.123835
9.2,7.126117
9.2,7.150466
9.19,7.213368
9.19,7.21844
9.19,7.220977
9.19,7.245579
9.18,7.245833
9.18,7.246086
9.16,7.246594
9.14,7.246847
9,7.247101
9,7.250398
9,7.256739
9,7.257246
9,7.517729
9,7.517983
9,7.518997
9,7.523309
8.99,7.527874
8.99,7.541063
8.99,7.544868
8.99,7.546136
8.99,7.565666
8.98,7.566934
8.98,7.567188
8.97,7.567441
8.96,7.567695
8.81,7.567949
8.8,7.568202
8.8,7.629328
8.8,7.660525
8.8,7.663062
8.8,7.863687
8.8,7.86394
8.79,7.878397
8.79,7.878905
8.79,7.893108
8.79,7.893869
8.79,7.894123
8.79,7.89742
8.78,7.911116
8.6,7.91137
8.6,7.917204
8.6,8.002932
8.6,8.003439
8.6,8.049601
8.6,8.050108
8.6,8.052137
8.6,8.226638
8.59,8.227399
8.59,8.257581
8.59,8.258849
8.59,8.2624
8.59,8.268741
8.58,8.268995
8.4,8.269502
8.4,8.270009
8.4,8.454402
8.4,8.456938
8.4,8.457445
8.4,8.50665
8.4,8.596944
8.39,8.602778
8.39,8.603792
8.39,8.6043
8.39,8.604553
8.39,8.640316
8.39,8.641077
8.39,8.642091
8.2,8.645642
8.2,8.665933
8.2,8.66644
8.2,8.889639
8.2,8.892936
8.2,8.924133
8.19,8.997433
8.19,8.997687
8.19,9.003013
8.19,9.00631
8.19,9.033957
8.18,9.03421
8.18,9.034464
8.17,9.034718
8,9.034971
8,9.037507
8,9.044102
8,9.044863
8,9.045117
8,9.401473
8,9.402995
8,9.411365
7.99,9.414916
7.99,9.429373
7.99,9.434699
7.99,9.435714
7.99,9.454229
7.95,9.457019
7.8,9.457273
7.8,9.537168
7.8,9.569379
7.8,9.572169
7.8,9.572676
7.8,9.808557
7.79,9.830116
7.79,9.850406
7.79,9.859791
7.6,9.877292
7.6,9.885662
7.6,10.00233
7.6,10.00284
7.6,10.05636
7.6,10.0594
7.6,10.28082
7.59,10.28133
7.59,10.28159
7.59,10.3143
7.59,10.31583
7.59,10.31988
7.58,10.32673
7.58,10.32699
7.57,10.32724
7.55,10.32749
7.4,10.32775
7.4,10.55779
7.4,10.56084
7.4,10.62171
7.4,10.73534
7.39,10.74523
7.39,10.74548
7.39,10.74599
7.39,10.77947
7.39,10.77998
7.39,10.78074
7.38,10.78378
7.22,10.78404
7.2,10.78429
7.2,10.80585
7.2,10.8061
7.2,11.08485
7.2,11.0851
7.2,11.09043
7.2,11.12543
7.19,11.21597
7.19,11.21674
7.19,11.22181
7.19,11.22434
7.19,11.22511
7.18,11.25605
7,11.2563
7,11.26036
7,11.26898
7,11.26949
7,11.7027
7,11.70295
7,11.70448
7,11.71006
6.99,11.71614
6.99,11.73111
6.99,11.73643
6.99,11.73719
6.99,11.75977
6.98,11.76078
6.8,11.76104
6.8,11.85843
6.8,11.89622
6.8,11.90206
6.8,11.90231
6.8,12.21251
6.8,12.21276
6.79,12.23863
6.79,12.23939
6.79,12.2612
6.79,12.26196
6.79,12.27008
6.78,12.28631
6.76,12.28657
6.61,12.28682
6.6,12.28707
6.6,12.2962
6.6,12.4423
6.6,12.52473
6.6,12.52752
6.6,12.80271
6.59,12.80373
6.59,12.80449
6.59,12.84811
6.59,12.84887
6.59,12.85268
6.59,12.86105
6.53,12.86181
6.4,12.86206
6.4,13.137
6.4,13.14081
6.4,13.14106
6.4,13.23009
6.4,13.37948
6.39,13.3914
6.39,13.39267
6.39,13.39368
6.39,13.42868
6.39,13.42894
6.39,13.43046
6.39,13.43071
6.2,13.43401
6.2,13.45506
6.2,13.45531
6.2,13.82055
6.2,13.8208
6.2,13.82106
6.2,13.82613
6.2,13.87584
6.19,13.99226
6.19,13.9986
6.19,14.00063
6.19,14.00114
6.19,14.03309
6.01,14.03335
6,14.0336
6,14.03766
6,14.04578
6,14.04755
6,14.04781
6,14.60656
6,14.60834
6,14.61671
5.99,14.62229
5.99,14.63928
5.99,14.64562
5.99,14.64613
5.99,14.672
5.98,14.67276
5.96,14.67301
5.9,14.67327
5.8,14.67352
5.8,14.78233
5.8,14.83103
5.8,14.83686
5.8,14.83712
5.8,15.248
5.8,15.24826
5.79,15.27337
5.79,15.27489
5.79,15.2967
5.79,15.29721
5.79,15.30989
5.78,15.32435
5.76,15.3246
5.71,15.32486
5.6,15.32511
5.6,15.33703
5.6,15.5232
5.6,15.61983
5.6,15.6249
5.6,15.96021
5.59,15.96148
5.59,15.96173
5.59,15.998
5.59,15.99902
5.59,16.00434
5.59,16.01626
5.58,16.01702
5.52,16.01753
5.4,16.01778
5.4,16.01855
5.4,16.3711
5.4,16.37566
5.4,16.37617
5.4,16.47813
5.4,16.66607
5.39,16.67723
5.39,16.67952
5.39,16.68028
5.39,16.68053
5.39,16.72365
5.39,16.72441
5.38,16.72745
5.35,16.72771
5.29,16.72796
5.22,16.72822
5.21,16.72847
5.2,16.72872
5.2,16.75713
5.2,16.75738
5.2,17.23422
5.2,17.23498
5.2,17.24106
5.2,17.30371
5.19,17.44778
5.19,17.45716
5.19,17.46147
5.19,17.46274
5.19,17.50256
5.14,17.50307
5,17.50332
5,17.50789
5,17.51575
5,17.51829
5,17.51854
5,18.21959
5,18.21984
5,18.22085
5,18.22922
4.99,18.23278
4.99,18.24875
4.99,18.25636
4.99,18.28223
4.98,18.28426
4.98,18.28452
4.96,18.28477
4.95,18.28502
4.82,18.28528
4.8,18.28553
4.8,18.42731
4.8,18.49579
4.8,18.50214
4.8,18.50264
4.8,19.01701
4.8,19.01752
4.79,19.05303
4.79,19.05379
4.79,19.07459
4.79,19.08296
4.78,19.10503
4.61,19.10528
4.6,19.10553
4.6,19.11999
4.6,19.34192
4.6,19.34217
4.6,19.48446
4.6,19.48472
4.6,19.48522
4.6,19.49055
4.6,19.91818
4.59,19.91894
4.59,19.95394
4.59,19.95495
4.59,19.9618
4.59,19.97195
4.57,19.97246
4.4,19.97271
4.4,20.42925
4.4,20.43483
4.4,20.43534
4.4,20.58092
4.4,20.81148
4.39,20.82543
4.39,20.82746
4.39,20.82822
4.39,20.86956
4.39,20.87032
4.39,20.87108
4.38,20.87413
4.35,20.87438
4.2,20.87463
4.2,20.9071
4.2,20.90811
4.2,21.51455
4.2,21.51481
4.2,21.52647
4.2,21.61195
4.19,21.78265
4.19,21.78315
4.19,21.79127
4.19,21.7933
4.19,21.79457
4.19,21.83667
4.18,21.83718
4.18,21.83743
4.02,21.83768
4,21.83794
4,21.84377
4,21.85265
4,21.85341
4,22.77867
4,22.77892
4,22.7807
4,22.7916
3.99,22.79794
3.99,22.81342
3.99,22.82128
3.99,22.82229
3.99,22.84969
3.98,22.85121
3.8,22.85172
3.8,23.03154
3.8,23.13528
3.8,23.14314
3.8,23.14441
3.8,23.80513
3.8,23.80563
3.79,23.84419
3.79,23.8452
3.79,23.86701
3.79,23.86778
3.79,23.87513
3.78,23.89289
3.72,23.89314
3.6,23.89339
3.6,23.91267
3.6,24.19243
3.6,24.19268
3.6,24.38899
3.6,24.38976
3.6,24.39407
3.6,24.94445
3.59,24.94521
3.59,24.98174
3.59,24.98427
3.59,24.98884
3.59,24.99772
3.57,24.99797
3.57,24.99822
3.56,24.99848
3.4,24.99873
3.4,24.99949
3.4,25.55216
3.4,25.5585
3.4,25.55952
3.4,25.55977
3.4,25.75253
3.4,26.04218
3.39,26.05842
3.39,26.05918
3.39,26.05943
3.39,26.10534
3.39,26.10559
3.39,26.10635
3.39,26.10686
3.37,26.11168
3.37,26.11193
3.2,26.11219
3.2,26.14465
3.2,26.14617
3.2,26.92661
3.2,26.92712
3.2,26.94056
3.2,27.05216
3.19,27.2609
3.19,27.26699
3.19,27.26978
3.19,27.27104
3.18,27.31239
3,27.31264
3,27.31644
3,27.32735
3,27.32963
3,28.45171
3,28.45247
3,28.4616
2.99,28.46896
2.99,28.48215
2.99,28.49001
2.99,28.49027
2.99,28.49179
2.99,28.51335
2.98,28.51588
2.97,28.51614
2.96,28.51664
2.84,28.51715
2.8,28.5174
2.8,28.75075
2.8,28.87579
2.8,28.89101
2.8,28.89126
2.8,29.76833
2.79,29.81322
2.79,29.81398
2.79,29.83351
2.79,29.83377
2.79,29.84087
2.78,29.85862
2.76,29.85888
2.61,29.85913
2.6,29.85938
2.6,29.87663
2.6,30.27205
2.6,30.27281
2.6,30.55815
2.6,30.5584
2.6,30.55916
2.6,30.56626
2.6,31.28988
2.59,31.29191
2.59,31.32336
2.59,31.32463
2.59,31.3297
2.59,31.33858
2.57,31.33884
2.57,31.33909
2.4,31.33934
2.4,31.3396
2.4,32.12104
2.4,32.12992
2.4,32.13043
2.4,32.13068
2.4,32.44316
2.4,32.86191
2.39,32.88677
2.39,32.88804
2.39,32.88829
2.39,32.93065
2.39,32.93141
2.39,32.93217
2.38,32.93521
2.2,32.93547
2.2,32.98137
2.2,32.98163
2.2,34.09813
2.2,34.09838
2.2,34.11588
2.2,34.28582
2.19,34.5638
2.19,34.56405
2.19,34.56938
2.19,34.5742
2.19,34.57572
2.18,34.60971
2.02,34.60996
2,34.61021
2,34.613
2,34.62087
2,34.62416
2,36.23271
2,36.23322
2,36.23525
2,36.24362
1.99,36.24692
1.99,36.25706
1.99,36.26493
1.99,36.26594
1.99,36.28471
1.8,36.28547
1.8,36.52541
1.8,36.69991
1.8,36.71919
1.8,36.7202
1.8,37.76746
1.79,37.80068
1.79,37.80094
1.79,37.81362
1.79,37.82326
1.78,37.8334
1.6,37.83366
1.6,37.85344
1.6,38.34879
1.6,38.34955
1.6,38.77337
1.6,38.77363
1.6,38.77489
1.6,38.78732
1.6,39.71309
1.59,39.71436
1.59,39.71461
1.59,39.73997
1.59,39.74124
1.59,39.74606
1.59,39.75164
1.58,39.7524
1.4,39.75291
1.4,40.82857
1.4,40.84379
1.4,40.84455
1.4,40.84481
1.4,41.36324
1.4,41.93315
1.39,41.95649
1.39,41.95801
1.39,41.99479
1.39,41.99504
1.39,41.9958
1.2,41.99707
1.2,42.06251
1.2,42.06453
1.2,44.30793
1.2,44.3092
1.2,44.30945
1.2,44.3612
1.2,44.76929
1.19,45.272
1.19,45.27225
1.19,45.27885
1.19,45.28265
1.19,45.28366
1,45.32171
1,45.32399
1,45.33744
1,45.34225
1,49.69107
1,49.69361
1,49.70933
0.99,49.71212
0.99,49.72886
0.99,49.74434
0.99,49.74662
0.99,49.77452
0.82,49.77528
0.8,49.77553
0.8,50.16867
0.8,50.58564
0.8,50.63738
0.8,50.63764
0.8,50.64017
0.8,52.63019
0.79,52.66113
0.79,52.66139
0.79,52.67584
0.79,52.67661
0.79,52.68726
0.6,52.6974
0.6,52.70527
0.6,53.14329
0.6,53.14456
0.6,53.8134
0.6,53.81568
0.6,53.83825
0.59,54.66485
0.59,54.67499
0.59,54.67525
0.59,54.67956
0.4,54.68159
0.4,55.1777
0.4,55.19621
0.4,55.19799
0.4,55.6246
0.4,55.87621
0.39,55.87798
0.21,55.88407
0.2,55.88432
0.2,55.8899
0.2,55.89117
0.2,56.54834
0.2,56.54884
0.2,56.54935
0.2,56.57852
0.2,56.72563
0.19,56.83647
0.19,56.83672
0.19,56.83723
0,56.83875
